Economy_Label;Partner_Label;US_at_current_prices_in_thousands_Value
Austria;Belgium;3797169
Austria;Bulgaria;1317037
Austria;China;5740147
Austria;HongKong;497441
Austria;Macao;11895
Austria;Taiwan;692616
Austria;Croatia;2160192
Austria;Cyprus;119568
Austria;Czechia;7340088
Austria;Denmark;1139993
Austria;Estonia;234747
Austria;Finland;728069
Austria;France;7733955
Austria;Germany;62474889
Austria;Greece;856400
Austria;Hungary;7564041
Austria;India;1416526
Austria;Ireland;732623
Austria;Italy;12871114
Austria;Japan;1712288
Austria;Latvia;213824
Austria;Lithuania;494838
Austria;Luxembourg;238082
Austria;Malta;40360
Austria;Netherlands;3882909
Austria;Norway;617531
Austria;Poland;8332741
Austria;Portugal;638516
Austria;Korea;1328726
Austria;Romania;4010254
Austria;Slovakia;8528253
Austria;Slovenia;4459568
Austria;Spain;3688786
Austria;Sweden;1955540
Austria;Switzerland;10678709
Austria;UK;5337101
Belgium;Austria;3468605
Belgium;Bulgaria;1008909
Belgium;China;6726183
Belgium;HongKong;1550985
Belgium;Macao;8972
Belgium;Taiwan;1446821
Belgium;Croatia;589726
Belgium;Cyprus;196624
Belgium;Czechia;3982959
Belgium;Denmark;2940554
Belgium;Estonia;468337
Belgium;Finland;1894151
Belgium;France;48031775
Belgium;Germany;57478077
Belgium;Greece;1824747
Belgium;Hungary;2408289
Belgium;India;3971316
Belgium;Ireland;3226111
Belgium;Italy;17207214
Belgium;Japan;2882566
Belgium;Latvia;338930
Belgium;Lithuania;941500
Belgium;Luxembourg;6818109
Belgium;Malta;127649
Belgium;Netherlands;48797699
Belgium;Norway;3185064
Belgium;Poland;10805260
Belgium;Portugal;2346615
Belgium;Korea;2029250
Belgium;Romania;2600988
Belgium;Slovakia;1222786
Belgium;Slovenia;740624
Belgium;Spain;12137112
Belgium;Sweden;6663613
Belgium;Switzerland;5086368
Belgium;UK;23863229
Bulgaria;Austria;721170
Bulgaria;Belgium;993496
Bulgaria;China;988878
Bulgaria;HongKong;122322
Bulgaria;Macao;2462
Bulgaria;Taiwan;64192
Bulgaria;Croatia;545914
Bulgaria;Cyprus;116897
Bulgaria;Czechia;1194394
Bulgaria;Denmark;211848
Bulgaria;Estonia;34266
Bulgaria;Finland;104552
Bulgaria;France;1435020
Bulgaria;Germany;6823144
Bulgaria;Greece;2549577
Bulgaria;Hungary;629233
Bulgaria;India;170009
Bulgaria;Ireland;105806
Bulgaria;Italy;3423447
Bulgaria;Japan;105286
Bulgaria;Latvia;51283
Bulgaria;Lithuania;112578
Bulgaria;Luxembourg;13025
Bulgaria;Malta;25981
Bulgaria;Netherlands;869012
Bulgaria;Norway;95307
Bulgaria;Poland;2329402
Bulgaria;Portugal;128765
Bulgaria;Korea;208279
Bulgaria;Romania;5043177
Bulgaria;Slovakia;504392
Bulgaria;Slovenia;234895
Bulgaria;Spain;903846
Bulgaria;Sweden;355317
Bulgaria;Switzerland;460729
Bulgaria;UK;794966
China;Austria;4080377
China;Belgium;32774952
China;Bulgaria;2824841
China;HongKong;291609476
China;Macao;4067180
China;Taiwan;85411404
China;Croatia;2683196
China;Cyprus;1117622
China;Czechia;17472838
China;Denmark;9364062
China;Estonia;809588
China;Finland;3687149
China;France;44708956
China;Germany;106696682
China;Greece;11765859
China;Hungary;11336870
China;India;120161442
China;Ireland;5235743
China;Italy;45974386
China;Japan;151508812
China;Latvia;859905
China;Lithuania;1976947
China;Luxembourg;449307
China;Malta;4045123
China;Netherlands;90894032
China;Norway;4981663
China;Poland;39946473
China;Portugal;6074782
China;Korea;146823242
China;Romania;9298244
China;Slovakia;3936214
China;Slovenia;6103415
China;Spain;40620716
China;Sweden;10031775
China;Switzerland;7460527
China;UK;78573118
HongKong;Austria;724889
HongKong;Belgium;2100085
HongKong;Bulgaria;178620
HongKong;China;377803725
HongKong;Macao;8113690
HongKong;Taiwan;18354144
HongKong;Croatia;104377
HongKong;Cyprus;61202
HongKong;Czechia;1302588
HongKong;Denmark;363196
HongKong;Estonia;118368
HongKong;Finland;217846
HongKong;France;3932784
HongKong;Germany;6198080
HongKong;Greece;201857
HongKong;Hungary;1360655
HongKong;India;19136959
HongKong;Ireland;576292
HongKong;Italy;2882601
HongKong;Japan;10351370
HongKong;Latvia;85646
HongKong;Lithuania;174344
HongKong;Luxembourg;698561
HongKong;Malta;22423
HongKong;Netherlands;8967584
HongKong;Norway;116774
HongKong;Poland;1934040
HongKong;Portugal;283389
HongKong;Korea;9421164
HongKong;Romania;453074
HongKong;Slovakia;116049
HongKong;Slovenia;171664
HongKong;Spain;1511244
HongKong;Sweden;584607
HongKong;Switzerland;4939490
HongKong;UK;8531307
Macao;Austria;58
Macao;Belgium;5666
Macao;Bulgaria;1958
Macao;China;57195
Macao;HongKong;1376768
Macao;Taiwan;1971
Macao;Croatia;156
Macao;Cyprus;23
Macao;Czechia;3824
Macao;Denmark;653
Macao;Estonia;36
Macao;France;5137
Macao;Germany;6236
Macao;Greece;7
Macao;Hungary;2223
Macao;India;3862
Macao;Ireland;3399
Macao;Italy;9912
Macao;Japan;6619
Macao;Latvia;10
Macao;Lithuania;5
Macao;Luxembourg;13
Macao;Malta;5
Macao;Netherlands;3799
Macao;Norway;1177
Macao;Poland;1630
Macao;Portugal;162
Macao;Korea;1877
Macao;Romania;43
Macao;Slovakia;77
Macao;Slovenia;435
Macao;Spain;1607
Macao;Sweden;1423
Macao;Switzerland;13871
Macao;UK;7080
Taiwan;Austria;613637
Taiwan;Belgium;2847406
Taiwan;Bulgaria;195982
Taiwan;China;113608948
Taiwan;HongKong;63469058
Taiwan;Macao;113792
Taiwan;Croatia;52366
Taiwan;Cyprus;20900
Taiwan;Czechia;694979
Taiwan;Denmark;427857
Taiwan;Estonia;66540
Taiwan;Finland;334680
Taiwan;France;1936105
Taiwan;Germany;8871582
Taiwan;Greece;197567
Taiwan;Hungary;717304
Taiwan;India;5995022
Taiwan;Ireland;865028
Taiwan;Italy;2730519
Taiwan;Japan;33849151
Taiwan;Latvia;85342
Taiwan;Lithuania;124634
Taiwan;Luxembourg;26928
Taiwan;Malta;104572
Taiwan;Netherlands;11889555
Taiwan;Norway;230586
Taiwan;Poland;1450584
Taiwan;Portugal;608582
Taiwan;Korea;20839624
Taiwan;Romania;331774
Taiwan;Slovakia;164672
Taiwan;Slovenia;171860
Taiwan;Spain;1619787
Taiwan;Sweden;801316
Taiwan;Switzerland;835513
Taiwan;UK;4053729
Croatia;Austria;1319959
Croatia;Belgium;293684
Croatia;Bulgaria;210790
Croatia;China;121761
Croatia;HongKong;25249
Croatia;Macao;33
Croatia;Taiwan;9348
Croatia;Cyprus;29145
Croatia;Czechia;422474
Croatia;Denmark;157907
Croatia;Estonia;12525
Croatia;Finland;55690
Croatia;France;616091
Croatia;Germany;3103744
Croatia;Greece;175169
Croatia;Hungary;1609583
Croatia;India;30614
Croatia;Ireland;100840
Croatia;Italy;2967609
Croatia;Japan;36136
Croatia;Latvia;33731
Croatia;Lithuania;89632
Croatia;Luxembourg;14120
Croatia;Malta;119599
Croatia;Netherlands;436994
Croatia;Norway;83088
Croatia;Poland;567232
Croatia;Portugal;97213
Croatia;Korea;16195
Croatia;Romania;392622
Croatia;Slovakia;619247
Croatia;Slovenia;2843762
Croatia;Spain;455542
Croatia;Sweden;261656
Croatia;Switzerland;358618
Croatia;UK;297642
Cyprus;Austria;17927
Cyprus;Belgium;21825
Cyprus;Bulgaria;20917
Cyprus;China;33892
Cyprus;HongKong;50918
Cyprus;Macao;16
Cyprus;Taiwan;5273
Cyprus;Croatia;9004
Cyprus;Czechia;32522
Cyprus;Denmark;34404
Cyprus;Estonia;12289
Cyprus;Finland;11334
Cyprus;France;83471
Cyprus;Germany;101127
Cyprus;Greece;349546
Cyprus;Hungary;10321
Cyprus;India;32497
Cyprus;Ireland;41211
Cyprus;Italy;42100
Cyprus;Japan;3313
Cyprus;Latvia;4538
Cyprus;Lithuania;9220
Cyprus;Luxembourg;4
Cyprus;Malta;37958
Cyprus;Netherlands;64882
Cyprus;Norway;35002
Cyprus;Poland;27979
Cyprus;Portugal;11173
Cyprus;Korea;9192
Cyprus;Romania;49007
Cyprus;Slovakia;17659
Cyprus;Slovenia;18680
Cyprus;Spain;32168
Cyprus;Sweden;71523
Cyprus;Switzerland;8487
Cyprus;UK;221318
Czechia;Austria;10431948
Czechia;Belgium;5691968
Czechia;Bulgaria;1532666
Czechia;China;3283464
Czechia;HongKong;342393
Czechia;Macao;4617
Czechia;Taiwan;427765
Czechia;Croatia;1106239
Czechia;Cyprus;108998
Czechia;Denmark;2568226
Czechia;Estonia;710467
Czechia;Finland;1052605
Czechia;France;12113953
Czechia;Germany;83519431
Czechia;Greece;692818
Czechia;Hungary;9121216
Czechia;India;1054835
Czechia;Ireland;1658316
Czechia;Italy;10175535
Czechia;Japan;1274664
Czechia;Latvia;508587
Czechia;Lithuania;1149962
Czechia;Luxembourg;439989
Czechia;Malta;42226
Czechia;Netherlands;8310293
Czechia;Norway;1304917
Czechia;Poland;19308154
Czechia;Portugal;1040304
Czechia;Korea;577509
Czechia;Romania;4144837
Czechia;Slovakia;19347595
Czechia;Slovenia;1305065
Czechia;Spain;6626850
Czechia;Sweden;3951470
Czechia;Switzerland;3615111
Czechia;UK;10937475
Denmark;Austria;1022154
Denmark;Belgium;2367181
Denmark;Bulgaria;258780
Denmark;China;5638330
Denmark;HongKong;379678
Denmark;Macao;15248
Denmark;Taiwan;755760
Denmark;Croatia;292531
Denmark;Cyprus;83076
Denmark;Czechia;1502152
Denmark;Estonia;422620
Denmark;Finland;2727730
Denmark;France;5615894
Denmark;Germany;19807254
Denmark;Greece;686296
Denmark;Hungary;924238
Denmark;India;903562
Denmark;Ireland;901266
Denmark;Italy;3545957
Denmark;Japan;2076392
Denmark;Latvia;449565
Denmark;Lithuania;740777
Denmark;Luxembourg;103036
Denmark;Malta;112988
Denmark;Netherlands;9083859
Denmark;Norway;6214059
Denmark;Poland;6922035
Denmark;Portugal;553017
Denmark;Korea;1253132
Denmark;Romania;782194
Denmark;Slovakia;421156
Denmark;Slovenia;181115
Denmark;Spain;3225637
Denmark;Sweden;12799244
Denmark;Switzerland;1773480
Denmark;UK;7038503
Estonia;Austria;97262
Estonia;Belgium;280472
Estonia;Bulgaria;186495
Estonia;China;263543
Estonia;HongKong;86555
Estonia;Macao;106
Estonia;Taiwan;10099
Estonia;Croatia;22603
Estonia;Cyprus;15512
Estonia;Czechia;187671
Estonia;Denmark;533049
Estonia;Finland;3007871
Estonia;France;404544
Estonia;Germany;1391368
Estonia;Greece;35664
Estonia;Hungary;75362
Estonia;India;137788
Estonia;Ireland;34441
Estonia;Italy;271341
Estonia;Japan;102563
Estonia;Latvia;2116978
Estonia;Lithuania;1535682
Estonia;Luxembourg;2895
Estonia;Malta;4560
Estonia;Netherlands;736296
Estonia;Norway;622537
Estonia;Poland;697238
Estonia;Portugal;51118
Estonia;Korea;78668
Estonia;Romania;79130
Estonia;Slovakia;47530
Estonia;Slovenia;26354
Estonia;Spain;208954
Estonia;Sweden;1689849
Estonia;Switzerland;192782
Estonia;UK;460888
Finland;Austria;531623
Finland;Belgium;2597333
Finland;Bulgaria;130673
Finland;China;3707964
Finland;HongKong;113053
Finland;Macao;783
Finland;Taiwan;243829
Finland;Croatia;52616
Finland;Cyprus;30591
Finland;Czechia;641639
Finland;Denmark;1321836
Finland;Estonia;2697828
Finland;France;2463819
Finland;Germany;8727507
Finland;Greece;299098
Finland;Hungary;270216
Finland;India;767912
Finland;Ireland;309001
Finland;Italy;2066086
Finland;Japan;1036269
Finland;Latvia;1060794
Finland;Lithuania;826726
Finland;Luxembourg;35943
Finland;Malta;102817
Finland;Netherlands;5891107
Finland;Norway;2528684
Finland;Poland;2625900
Finland;Portugal;249942
Finland;Korea;656439
Finland;Romania;329101
Finland;Slovakia;179180
Finland;Slovenia;87909
Finland;Spain;1295672
Finland;Sweden;8667351
Finland;Switzerland;1708790
Finland;UK;2575394
France;Austria;5586502
France;Belgium;49119292
France;Bulgaria;1250682
France;China;25785582
France;HongKong;5242095
France;Macao;399349
France;Taiwan;3454421
France;Croatia;1086094
France;Cyprus;355619
France;Czechia;6963598
France;Denmark;4519508
France;Estonia;475642
France;Finland;2228669
France;Germany;83473140
France;Greece;4499448
France;Hungary;4696024
France;India;8165188
France;Ireland;5989726
France;Italy;51888792
France;Japan;9898790
France;Latvia;517562
France;Lithuania;1170192
France;Luxembourg;3357623
France;Malta;1435203
France;Netherlands;24830906
France;Norway;2409769
France;Poland;16345570
France;Portugal;8098989
France;Korea;7305122
France;Romania;5735325
France;Slovakia;2944375
France;Slovenia;1306791
France;Spain;47470423
France;Sweden;6146810
France;Switzerland;20938178
France;UK;39500817
Germany;Austria;81822312
Germany;Belgium;63667875
Germany;Bulgaria;6445486
Germany;China;97778001
Germany;HongKong;6268973
Germany;Macao;196954
Germany;Taiwan;10581475
Germany;Croatia;6118669
Germany;Cyprus;922022
Germany;Czechia;55457430
Germany;Denmark;24325728
Germany;Estonia;2699689
Germany;Finland;11969702
Germany;France;125641296
Germany;Greece;9397947
Germany;Hungary;35160280
Germany;India;18432191
Germany;Ireland;10753108
Germany;Italy;87424707
Germany;Japan;23602095
Germany;Latvia;2764693
Germany;Lithuania;5652644
Germany;Luxembourg;7033299
Germany;Malta;969563
Germany;Netherlands;118842432
Germany;Norway;10879140
Germany;Poland;101444417
Germany;Portugal;13116246
Germany;Korea;21282889
Germany;Romania;24257615
Germany;Slovakia;19324582
Germany;Slovenia;7771230
Germany;Spain;58536871
Germany;Sweden;30385583
Germany;Switzerland;75910970
Germany;UK;87453805
Greece;Austria;590693
Greece;Belgium;772472
Greece;Bulgaria;3067761
Greece;China;448795
Greece;HongKong;137783
Greece;Macao;1216
Greece;Taiwan;67289
Greece;Croatia;411272
Greece;Cyprus;3341999
Greece;Czechia;425197
Greece;Denmark;292134
Greece;Estonia;81056
Greece;Finland;166964
Greece;France;1566554
Greece;Germany;3741878
Greece;Hungary;339638
Greece;India;131261
Greece;Ireland;353257
Greece;Italy;5624031
Greece;Japan;242864
Greece;Latvia;47287
Greece;Lithuania;78604
Greece;Luxembourg;51003
Greece;Malta;523497
Greece;Netherlands;1247694
Greece;Norway;191514
Greece;Poland;1236937
Greece;Portugal;344857
Greece;Korea;597099
Greece;Romania;1924619
Greece;Slovakia;270763
Greece;Slovenia;504896
Greece;Spain;1679528
Greece;Sweden;350536
Greece;Switzerland;272001
Greece;UK;2118844
Hungary;Austria;6490110
Hungary;Belgium;3022820
Hungary;Bulgaria;1789887
Hungary;China;3517687
Hungary;HongKong;436894
Hungary;Macao;2700
Hungary;Taiwan;290024
Hungary;Croatia;3151722
Hungary;Cyprus;74842
Hungary;Czechia;6605598
Hungary;Denmark;912375
Hungary;Estonia;129712
Hungary;Finland;470329
Hungary;France;6312018
Hungary;Germany;41007437
Hungary;Greece;914689
Hungary;India;593722
Hungary;Ireland;1107192
Hungary;Italy;8643850
Hungary;Japan;1103728
Hungary;Latvia;218587
Hungary;Lithuania;359789
Hungary;Luxembourg;177818
Hungary;Malta;26836
Hungary;Netherlands;5552838
Hungary;Norway;847336
Hungary;Poland;8020902
Hungary;Portugal;741054
Hungary;Korea;647299
Hungary;Romania;9434957
Hungary;Slovakia;7757197
Hungary;Slovenia;2159218
Hungary;Spain;4604851
Hungary;Sweden;1858606
Hungary;Switzerland;1647500
Hungary;UK;5733442
India;Austria;1359704
India;Belgium;6568640
India;Bulgaria;216875
India;China;14899427
India;HongKong;6497859
India;Macao;1444
India;Taiwan;1714538
India;Croatia;313842
India;Cyprus;88749
India;Czechia;2113174
India;Denmark;870154
India;Estonia;84102
India;Finland;503824
India;France;7705185
India;Germany;10232668
India;Greece;1170473
India;Hungary;524064
India;Ireland;818904
India;Italy;8329368
India;Japan;5731429
India;Latvia;221368
India;Lithuania;249882
India;Luxembourg;46777
India;Malta;422689
India;Netherlands;24219665
India;Norway;424351
India;Poland;2543747
India;Portugal;967084
India;Korea;5882853
India;Romania;1008200
India;Slovakia;320759
India;Slovenia;572758
India;Spain;4793500
India;Sweden;1198205
India;Switzerland;1507241
India;UK;13962059
Ireland;Austria;571301
Ireland;Belgium;18434405
Ireland;Bulgaria;161471
Ireland;China;10255698
Ireland;HongKong;613013
Ireland;Macao;28365
Ireland;Taiwan;456644
Ireland;Croatia;144738
Ireland;Cyprus;101686
Ireland;Czechia;554442
Ireland;Denmark;625434
Ireland;Estonia;30130
Ireland;Finland;240314
Ireland;France;6976370
Ireland;Germany;21789562
Ireland;Greece;531723
Ireland;Hungary;716952
Ireland;India;542410
Ireland;Italy;7655115
Ireland;Japan;3623142
Ireland;Latvia;61636
Ireland;Lithuania;106062
Ireland;Luxembourg;111160
Ireland;Malta;70294
Ireland;Netherlands;24887001
Ireland;Norway;299905
Ireland;Poland;1884171
Ireland;Portugal;1881356
Ireland;Korea;1098260
Ireland;Romania;460337
Ireland;Slovakia;209517
Ireland;Slovenia;156137
Ireland;Spain;5621059
Ireland;Sweden;1348242
Ireland;Switzerland;3957369
Ireland;UK;22583569
Italy;Austria;13546612
Italy;Belgium;20934266
Italy;Bulgaria;3625620
Italy;China;16608098
Italy;HongKong;5437837
Italy;Macao;284616
Italy;Taiwan;2497403
Italy;Croatia;6064900
Italy;Cyprus;1146047
Italy;Czechia;8877711
Italy;Denmark;4173077
Italy;Estonia;745854
Italy;Finland;2204178
Italy;France;67374496
Italy;Germany;76816220
Italy;Greece;7791043
Italy;Hungary;6319087
Italy;India;5653512
Italy;Ireland;3916431
Italy;Japan;8914776
Italy;Latvia;892343
Italy;Lithuania;1579707
Italy;Luxembourg;862517
Italy;Malta;2539172
Italy;Netherlands;20917701
Italy;Norway;2400489
Italy;Poland;21399499
Italy;Portugal;6108552
Italy;Korea;6725704
Italy;Romania;10854156
Italy;Slovakia;4135561
Italy;Slovenia;6085890
Italy;Spain;37368982
Italy;Sweden;6513641
Italy;Switzerland;32710885
Italy;UK;29690071
Japan;Austria;1294558
Japan;Belgium;5833588
Japan;Bulgaria;113975
Japan;China;124626303
Japan;HongKong;35941717
Japan;Macao;416695
Japan;Taiwan;45333559
Japan;Croatia;69569
Japan;Cyprus;548327
Japan;Czechia;2305134
Japan;Denmark;582516
Japan;Estonia;226097
Japan;Finland;380568
Japan;France;6657240
Japan;Germany;17369405
Japan;Greece;336548
Japan;Hungary;1343874
Japan;India;17208192
Japan;Ireland;1520830
Japan;Italy;5052319
Japan;Latvia;33278
Japan;Lithuania;64133
Japan;Luxembourg;399486
Japan;Malta;114564
Japan;Netherlands;11508635
Japan;Norway;943180
Japan;Poland;4092190
Japan;Portugal;529372
Japan;Korea;46377120
Japan;Romania;505901
Japan;Slovakia;156166
Japan;Slovenia;218715
Japan;Spain;3157000
Japan;Sweden;1492988
Japan;Switzerland;5954068
Japan;UK;11242380
Latvia;Austria;116369
Latvia;Belgium;237773
Latvia;Bulgaria;59170
Latvia;China;252563
Latvia;HongKong;32270
Latvia;Macao;212
Latvia;Taiwan;12520
Latvia;Croatia;21195
Latvia;Cyprus;27198
Latvia;Czechia;214370
Latvia;Denmark;900512
Latvia;Estonia;2135522
Latvia;Finland;608826
Latvia;France;492763
Latvia;Germany;1275906
Latvia;Greece;40224
Latvia;Hungary;105611
Latvia;India;83588
Latvia;Ireland;91979
Latvia;Italy;338471
Latvia;Japan;82000
Latvia;Lithuania;3796528
Latvia;Luxembourg;11630
Latvia;Malta;10346
Latvia;Netherlands;719332
Latvia;Norway;379879
Latvia;Poland;836243
Latvia;Portugal;56477
Latvia;Korea;105787
Latvia;Romania;94183
Latvia;Slovakia;69706
Latvia;Slovenia;33552
Latvia;Spain;261845
Latvia;Sweden;1129996
Latvia;Switzerland;81151
Latvia;UK;1178816
Lithuania;Austria;290812
Lithuania;Belgium;538366
Lithuania;Bulgaria;199613
Lithuania;China;224063
Lithuania;HongKong;43271
Lithuania;Macao;66
Lithuania;Taiwan;27403
Lithuania;Croatia;79568
Lithuania;Cyprus;24282
Lithuania;Czechia;549560
Lithuania;Denmark;984372
Lithuania;Estonia;2384748
Lithuania;Finland;860782
Lithuania;France;1072971
Lithuania;Germany;3473896
Lithuania;Greece;137202
Lithuania;Hungary;280561
Lithuania;India;126047
Lithuania;Ireland;195068
Lithuania;Italy;1005569
Lithuania;Japan;113141
Lithuania;Latvia;4731452
Lithuania;Luxembourg;95963
Lithuania;Malta;8809
Lithuania;Netherlands;2667421
Lithuania;Norway;1017046
Lithuania;Poland;3920284
Lithuania;Portugal;127955
Lithuania;Korea;102347
Lithuania;Romania;294091
Lithuania;Slovakia;242939
Lithuania;Slovenia;96998
Lithuania;Spain;590228
Lithuania;Sweden;1700509
Lithuania;Switzerland;246963
Lithuania;UK;1607939
Luxembourg;Austria;397683
Luxembourg;Belgium;1656878
Luxembourg;Bulgaria;34844
Luxembourg;China;273290
Luxembourg;HongKong;417630
Luxembourg;Macao;355
Luxembourg;Taiwan;17538
Luxembourg;Croatia;14257
Luxembourg;Cyprus;6758
Luxembourg;Czechia;246808
Luxembourg;Denmark;186181
Luxembourg;Estonia;11189
Luxembourg;Finland;79051
Luxembourg;France;2304986
Luxembourg;Germany;3632040
Luxembourg;Greece;46606
Luxembourg;Hungary;110300
Luxembourg;India;58742
Luxembourg;Ireland;68619
Luxembourg;Italy;758731
Luxembourg;Japan;57167
Luxembourg;Latvia;11003
Luxembourg;Lithuania;25464
Luxembourg;Malta;3398
Luxembourg;Netherlands;1003062
Luxembourg;Norway;65362
Luxembourg;Poland;367559
Luxembourg;Portugal;87620
Luxembourg;Korea;64406
Luxembourg;Romania;120263
Luxembourg;Slovakia;96190
Luxembourg;Slovenia;41717
Luxembourg;Spain;517907
Luxembourg;Sweden;205023
Luxembourg;Switzerland;247671
Luxembourg;UK;473025
Malta;Austria;12582
Malta;Belgium;44883
Malta;Bulgaria;6100
Malta;China;176923
Malta;HongKong;117734
Malta;Macao;218
Malta;Taiwan;14093
Malta;Croatia;3196
Malta;Cyprus;17358
Malta;Czechia;36076
Malta;Denmark;15653
Malta;Estonia;3553
Malta;Finland;8657
Malta;France;66665
Malta;Germany;635369
Malta;Greece;145941
Malta;Hungary;35591
Malta;India;19706
Malta;Ireland;5643
Malta;Italy;194728
Malta;Japan;114933
Malta;Latvia;1550
Malta;Lithuania;10976
Malta;Luxembourg;613
Malta;Netherlands;59442
Malta;Norway;36928
Malta;Poland;50394
Malta;Portugal;52565
Malta;Korea;126387
Malta;Romania;18065
Malta;Slovakia;15457
Malta;Slovenia;11774
Malta;Spain;117042
Malta;Sweden;35801
Malta;Switzerland;30627
Malta;UK;96423
Netherlands;Austria;12773076
Netherlands;Belgium;115536201
Netherlands;Bulgaria;2279019
Netherlands;China;26684291
Netherlands;HongKong;2464696
Netherlands;Macao;91678
Netherlands;Taiwan;8017670
Netherlands;Croatia;2091402
Netherlands;Cyprus;719402
Netherlands;Czechia;13113814
Netherlands;Denmark;13185921
Netherlands;Estonia;1352455
Netherlands;Finland;6962560
Netherlands;France;80521045
Netherlands;Germany;204513927
Netherlands;Greece;5733299
Netherlands;Hungary;9028191
Netherlands;India;3393243
Netherlands;Ireland;11286210
Netherlands;Italy;44292249
Netherlands;Japan;5805430
Netherlands;Latvia;1360519
Netherlands;Lithuania;2654071
Netherlands;Luxembourg;2223287
Netherlands;Malta;607099
Netherlands;Norway;7189598
Netherlands;Poland;27248414
Netherlands;Portugal;7539387
Netherlands;Korea;11123460
Netherlands;Romania;6646083
Netherlands;Slovakia;3057154
Netherlands;Slovenia;2089251
Netherlands;Spain;33226458
Netherlands;Sweden;22505699
Netherlands;Switzerland;10980114
Netherlands;UK;55853589
Norway;Austria;375254
Norway;Belgium;8765021
Norway;Bulgaria;442686
Norway;China;3926150
Norway;HongKong;277678
Norway;Macao;2852
Norway;Taiwan;226514
Norway;Croatia;166486
Norway;Cyprus;20809
Norway;Czechia;336207
Norway;Denmark;8240780
Norway;Estonia;271767
Norway;Finland;5650504
Norway;France;10480590
Norway;Germany;26125044
Norway;Greece;1069456
Norway;Hungary;355011
Norway;India;371127
Norway;Ireland;614506
Norway;Italy;2582203
Norway;Japan;817367
Norway;Latvia;358857
Norway;Lithuania;1761511
Norway;Luxembourg;33143
Norway;Malta;15129
Norway;Netherlands;17857436
Norway;Poland;9833569
Norway;Portugal;910669
Norway;Korea;1263373
Norway;Romania;682994
Norway;Slovakia;131412
Norway;Slovenia;33392
Norway;Spain;2368819
Norway;Sweden;11643420
Norway;Switzerland;459913
Norway;UK;31560397
Poland;Austria;7749230
Poland;Belgium;8452120
Poland;Bulgaria;2391389
Poland;China;3584889
Poland;HongKong;383857
Poland;Macao;2404
Poland;Taiwan;337380
Poland;Croatia;1816780
Poland;Cyprus;251042
Poland;Czechia;23189557
Poland;Denmark;6307821
Poland;Estonia;1734150
Poland;Finland;2952523
Poland;France;23130627
Poland;Germany;102929213
Poland;Greece;1977995
Poland;Hungary;9520510
Poland;India;1447106
Poland;Ireland;1733225
Poland;Italy;17292958
Poland;Japan;912959
Poland;Latvia;2580801
Poland;Lithuania;6432407
Poland;Luxembourg;611812
Poland;Malta;135625
Poland;Netherlands;17552308
Poland;Norway;3182141
Poland;Portugal;2056049
Poland;Korea;866319
Poland;Romania;8558612
Poland;Slovakia;10146168
Poland;Slovenia;1474154
Poland;Spain;11022472
Poland;Sweden;9096344
Poland;Switzerland;4643181
Poland;UK;20077868
Portugal;Austria;499988
Portugal;Belgium;2209951
Portugal;Bulgaria;141537
Portugal;China;664202
Portugal;HongKong;113134
Portugal;Macao;23751
Portugal;Taiwan;163938
Portugal;Croatia;84674
Portugal;Cyprus;67228
Portugal;Czechia;734081
Portugal;Denmark;600057
Portugal;Estonia;79594
Portugal;Finland;547900
Portugal;France;10461133
Portugal;Germany;10561019
Portugal;Greece;271389
Portugal;Hungary;454729
Portugal;India;194218
Portugal;Ireland;504045
Portugal;Italy;3794195
Portugal;Japan;318003
Portugal;Latvia;73221
Portugal;Lithuania;97819
Portugal;Luxembourg;140987
Portugal;Malta;52685
Portugal;Netherlands;3075586
Portugal;Norway;245532
Portugal;Poland;1283599
Portugal;Korea;194465
Portugal;Romania;611880
Portugal;Slovakia;515148
Portugal;Slovenia;83621
Portugal;Spain;22308117
Portugal;Sweden;1177172
Portugal;Switzerland;872013
Portugal;UK;3914069
Korea;Austria;1419812
Korea;Belgium;4305793
Korea;Bulgaria;237191
Korea;China;132902972
Korea;HongKong;35021387
Korea;Macao;13299
Korea;Taiwan;33968112
Korea;Croatia;90153
Korea;Cyprus;56075
Korea;Czechia;3329579
Korea;Denmark;1800942
Korea;Estonia;101267
Korea;Finland;467864
Korea;France;5604400
Korea;Germany;9033077
Korea;Greece;1382091
Korea;Hungary;5179973
Korea;India;18661494
Korea;Ireland;986211
Korea;Italy;4949982
Korea;Japan;29603169
Korea;Latvia;59054
Korea;Lithuania;492986
Korea;Luxembourg;43305
Korea;Malta;2312205
Korea;Netherlands;6783824
Korea;Norway;451059
Korea;Poland;8909256
Korea;Portugal;1301749
Korea;Romania;627046
Korea;Slovakia;2813376
Korea;Slovenia;1050611
Korea;Spain;3385279
Korea;Sweden;1366134
Korea;Switzerland;1170658
Korea;UK;6640188
Romania;Austria;2040408
Romania;Belgium;2033423
Romania;Bulgaria;4447093
Romania;China;779682
Romania;HongKong;80066
Romania;Macao;269
Romania;Taiwan;55733
Romania;Croatia;549883
Romania;Cyprus;105934
Romania;Czechia;3343658
Romania;Denmark;366541
Romania;Estonia;85322
Romania;Finland;244852
Romania;France;6342364
Romania;Germany;20618520
Romania;Greece;1344337
Romania;Hungary;5325393
Romania;India;291643
Romania;Ireland;262754
Romania;Italy;9573698
Romania;Japan;839170
Romania;Latvia;86744
Romania;Lithuania;221396
Romania;Luxembourg;25048
Romania;Malta;50146
Romania;Netherlands;3652578
Romania;Norway;705087
Romania;Poland;4021541
Romania;Portugal;576506
Romania;Korea;212945
Romania;Slovakia;2211073
Romania;Slovenia;506419
Romania;Spain;3118642
Romania;Sweden;808851
Romania;Switzerland;1501652
Romania;UK;3151670
Slovakia;Austria;5974258
Slovakia;Belgium;1476450
Slovakia;Bulgaria;858470
Slovakia;China;2682587
Slovakia;HongKong;60294
Slovakia;Macao;772
Slovakia;Taiwan;98722
Slovakia;Croatia;1013428
Slovakia;Cyprus;108673
Slovakia;Czechia;13588538
Slovakia;Denmark;483928
Slovakia;Estonia;187191
Slovakia;Finland;314712
Slovakia;France;5292403
Slovakia;Germany;23845976
Slovakia;Greece;320711
Slovakia;Hungary;8651142
Slovakia;India;235652
Slovakia;Ireland;325700
Slovakia;Italy;4914328
Slovakia;Japan;301892
Slovakia;Latvia;272418
Slovakia;Lithuania;278458
Slovakia;Luxembourg;123121
Slovakia;Malta;18423
Slovakia;Netherlands;2152807
Slovakia;Norway;235050
Slovakia;Poland;8387039
Slovakia;Portugal;343945
Slovakia;Korea;304908
Slovakia;Romania;2957198
Slovakia;Slovenia;812944
Slovakia;Spain;2518026
Slovakia;Sweden;1618402
Slovakia;Switzerland;1465015
Slovakia;UK;4835778
Slovenia;Austria;3660656
Slovenia;Belgium;461652
Slovenia;Bulgaria;446909
Slovenia;China;402526
Slovenia;HongKong;68863
Slovenia;Macao;7073
Slovenia;Taiwan;41934
Slovenia;Croatia;5670379
Slovenia;Cyprus;34746
Slovenia;Czechia;1542880
Slovenia;Denmark;623589
Slovenia;Estonia;108338
Slovenia;Finland;135684
Slovenia;France;2251248
Slovenia;Germany;9023098
Slovenia;Greece;278468
Slovenia;Hungary;2440636
Slovenia;India;151083
Slovenia;Ireland;69536
Slovenia;Italy;6229341
Slovenia;Japan;431498
Slovenia;Latvia;105182
Slovenia;Lithuania;245686
Slovenia;Luxembourg;34859
Slovenia;Malta;31603
Slovenia;Netherlands;1053649
Slovenia;Norway;172993
Slovenia;Poland;2404752
Slovenia;Portugal;234573
Slovenia;Korea;97386
Slovenia;Romania;1250737
Slovenia;Slovakia;1182011
Slovenia;Spain;1035201
Slovenia;Sweden;442209
Slovenia;Switzerland;22895604
Slovenia;UK;1073783
Spain;Austria;2841104
Spain;Belgium;12575270
Spain;Bulgaria;1049812
Spain;China;7687338
Spain;HongKong;941317
Spain;Macao;22496
Spain;Taiwan;776273
Spain;Croatia;972204
Spain;Cyprus;632006
Spain;Czechia;4087487
Spain;Denmark;2457813
Spain;Estonia;373427
Spain;Finland;1447088
Spain;France;58672759
Spain;Germany;40500651
Spain;Greece;3512389
Spain;Hungary;2245387
Spain;India;2165874
Spain;Ireland;3941891
Spain;Italy;33737883
Spain;Japan;2884879
Spain;Latvia;341234
Spain;Lithuania;597479
Spain;Luxembourg;451662
Spain;Malta;859397
Spain;Netherlands;12647938
Spain;Norway;1825457
Spain;Poland;9986529
Spain;Portugal;33229745
Spain;Korea;1864650
Spain;Romania;3625618
Spain;Slovakia;2080571
Spain;Slovenia;875500
Spain;Sweden;3251040
Spain;Switzerland;5978480
Spain;UK;24403544
Sweden;Austria;2029273
Sweden;Belgium;9093102
Sweden;Bulgaria;384839
Sweden;China;7163657
Sweden;HongKong;365029
Sweden;Macao;2243
Sweden;Taiwan;670119
Sweden;Croatia;285302
Sweden;Cyprus;43271
Sweden;Czechia;1699841
Sweden;Denmark;13243469
Sweden;Estonia;1851619
Sweden;Finland;13054317
Sweden;France;7945668
Sweden;Germany;19580221
Sweden;Greece;573938
Sweden;Hungary;854551
Sweden;India;1964298
Sweden;Ireland;854200
Sweden;Italy;5662260
Sweden;Japan;2306082
Sweden;Latvia;729419
Sweden;Lithuania;1479550
Sweden;Luxembourg;100605
Sweden;Malta;143228
Sweden;Netherlands;10149169
Sweden;Norway;18834696
Sweden;Poland;7528789
Sweden;Portugal;890344
Sweden;Korea;1758852
Sweden;Romania;612852
Sweden;Slovakia;493278
Sweden;Slovenia;281828
Sweden;Spain;4303049
Sweden;Switzerland;1777362
Sweden;UK;10178285
Switzerland;Austria;8768028
Switzerland;Belgium;5541294
Switzerland;Bulgaria;719524
Switzerland;China;42338190
Switzerland;HongKong;12218304
Switzerland;Macao;77691
Switzerland;Taiwan;2986625
Switzerland;Croatia;452445
Switzerland;Cyprus;120743
Switzerland;Czechia;2360159
Switzerland;Denmark;1326825
Switzerland;Estonia;309024
Switzerland;Finland;647799
Switzerland;France;21093795
Switzerland;Germany;51306363
Switzerland;Greece;816878
Switzerland;Hungary;1291205
Switzerland;India;22591499
Switzerland;Ireland;1964668
Switzerland;Italy;28029045
Switzerland;Japan;9277854
Switzerland;Latvia;201482
Switzerland;Lithuania;198711
Switzerland;Luxembourg;323710
Switzerland;Malta;162452
Switzerland;Netherlands;7224382
Switzerland;Norway;816634
Switzerland;Poland;3470317
Switzerland;Portugal;1276344
Switzerland;Korea;4070877
Switzerland;Romania;2577484
Switzerland;Slovakia;907717
Switzerland;Slovenia;29977921
Switzerland;Spain;7773620
Switzerland;Sweden;1972600
Switzerland;UK;22509551
UK;Austria;2044432
UK;Belgium;20940748
UK;Bulgaria;505791
UK;China;46834516
UK;HongKong;11933772
UK;Macao;201027
UK;Taiwan;2311252
UK;Croatia;197493
UK;Cyprus;477999
UK;Czechia;2480519
UK;Denmark;3284985
UK;Estonia;303488
UK;Finland;1766125
UK;France;28350799
UK;Germany;38505462
UK;Greece;1115594
UK;Hungary;1655700
UK;India;8846614
UK;Ireland;23206822
UK;Italy;11139199
UK;Japan;7684256
UK;Latvia;451968
UK;Lithuania;1190379
UK;Luxembourg;664361
UK;Malta;746343
UK;Netherlands;33444078
UK;Norway;4139364
UK;Poland;8447214
UK;Portugal;1480817
UK;Korea;4877381
UK;Romania;1570094
UK;Slovakia;1769692
UK;Slovenia;293381
UK;Spain;11823427
UK;Sweden;6329603
UK;Switzerland;29188240
