Source;Target;Value
Austria;Belgium;5177995
Austria;Bulgaria;759509
Austria;China;6690467
Austria;HongKong;49156
Austria;Macao;57
Austria;Taiwan;811339
Austria;Croatia;1144338
Austria;Cyprus;26967
Austria;Czechia;10851097
Austria;Denmark;996157
Austria;Estonia;89371
Austria;Finland;575902
Austria;France;5293769
Austria;Germany;84095339
Austria;Greece;357500
Austria;Hungary;5696806
Austria;India;1784053
Austria;Ireland;769634
Austria;Italy;13334871
Austria;Japan;1379330
Austria;Latvia;94596
Austria;Lithuania;262627
Austria;Luxembourg;593131
Austria;Malta;17829
Austria;Netherlands;11069519
Austria;Norway;137371
Austria;Poland;6909879
Austria;Portugal;397376
Austria;Korea;1572079
Austria;Romania;1945957
Austria;Slovakia;6602251
Austria;Slovenia;3628604
Austria;Spain;3052525
Austria;Sweden;2249930
Austria;Switzerland;7968578
Austria;UK;1624154
Belgium;Austria;2736650
Belgium;Belgium;31
Belgium;Bulgaria;971240
Belgium;China;12853077
Belgium;HongKong;150343
Belgium;Macao;4430
Belgium;Taiwan;1403776
Belgium;Croatia;220873
Belgium;Cyprus;26560
Belgium;Czechia;4747797
Belgium;Denmark;1751258
Belgium;Estonia;267326
Belgium;Finland;1523045
Belgium;France;42142799
Belgium;Germany;49440627
Belgium;Greece;326139
Belgium;Hungary;2307166
Belgium;India;3748460
Belgium;Ireland;10100730
Belgium;Italy;16862225
Belgium;Japan;8553755
Belgium;Latvia;150238
Belgium;Lithuania;389262
Belgium;Luxembourg;1459159
Belgium;Malta;90958
Belgium;Netherlands;87426876
Belgium;Norway;7158695
Belgium;Poland;6028404
Belgium;Portugal;1600550
Belgium;Korea;2556922
Belgium;Romania;1313039
Belgium;Slovakia;1584569
Belgium;Slovenia;380452
Belgium;Spain;9242772
Belgium;Sweden;8099737
Belgium;Switzerland;9823410
Belgium;UK;10642584
Bulgaria;Austria;1181955
Bulgaria;Belgium;1016460
Bulgaria;Bulgaria;301194
Bulgaria;China;3540509
Bulgaria;HongKong;170614
Bulgaria;Macao;1909
Bulgaria;Taiwan;188331
Bulgaria;Croatia;183770
Bulgaria;Cyprus;48432
Bulgaria;Czechia;1370971
Bulgaria;Denmark;251338
Bulgaria;Estonia;191450
Bulgaria;Finland;131237
Bulgaria;France;1266002
Bulgaria;Germany;6108298
Bulgaria;Greece;2637788
Bulgaria;Hungary;1706448
Bulgaria;India;277314
Bulgaria;Ireland;209668
Bulgaria;Italy;3311549
Bulgaria;Japan;204010
Bulgaria;Latvia;52726
Bulgaria;Lithuania;164984
Bulgaria;Luxembourg;37139
Bulgaria;Malta;9005
Bulgaria;Netherlands;1979060
Bulgaria;Norway;493070
Bulgaria;Poland;2114933
Bulgaria;Portugal;141844
Bulgaria;Korea;279643
Bulgaria;Romania;3780056
Bulgaria;Slovakia;706150
Bulgaria;Slovenia;425045
Bulgaria;Spain;998709
Bulgaria;Sweden;382071
Bulgaria;Switzerland;649799
Bulgaria;UK;555616
China;Austria;8540341
China;Belgium;6527057
China;Bulgaria;1260919
China;HongKong;19563315
China;Macao;77154
China;Taiwan;229607632
China;Croatia;277005
China;Cyprus;26760
China;Czechia;5966955
China;Denmark;6349000
China;Estonia;351352
China;Finland;4734998
China;France;36747135
China;Germany;99432107
China;Greece;1103861
China;Hungary;5029269
China;India;18990988
China;Ireland;19034193
China;Italy;27642183
China;Japan;163962902
China;Latvia;299255
China;Lithuania;221636
China;Luxembourg;381624
China;Malta;505208
China;Netherlands;19717891
China;Norway;5439666
China;Poland;5136199
China;Portugal;3325125
China;Korea;190631014
China;Romania;4315264
China;Slovakia;6047609
China;Slovenia;534663
China;Spain;9653865
China;Sweden;9255465
China;Switzerland;58012294
China;UK;20543935
HongKong;Austria;661462
HongKong;Belgium;2086295
HongKong;Bulgaria;94589
HongKong;China;285645307
HongKong;Macao;1744699
HongKong;Taiwan;71818502
HongKong;Croatia;19527
HongKong;Cyprus;16056
HongKong;Czechia;274146
HongKong;Denmark;222888
HongKong;Estonia;31408
HongKong;Finland;50815
HongKong;France;6232377
HongKong;Germany;6895873
HongKong;Greece;44956
HongKong;Hungary;346247
HongKong;India;8287553
HongKong;Ireland;640512
HongKong;Italy;5479216
HongKong;Japan;39147643
HongKong;Latvia;21776
HongKong;Lithuania;19014
HongKong;Luxembourg;913877
HongKong;Malta;234010
HongKong;Netherlands;2028850
HongKong;Norway;194001
HongKong;Poland;271837
HongKong;Portugal;111453
HongKong;Korea;37938114
HongKong;Romania;61006
HongKong;Slovakia;32123
HongKong;Slovenia;70573
HongKong;Spain;867516
HongKong;Sweden;261488
HongKong;Switzerland;13364556
HongKong;UK;11143993
Macao;Austria;28913
Macao;Belgium;30521
Macao;Bulgaria;5189
Macao;China;4781051
Macao;HongKong;804857
Macao;Taiwan;173701
Macao;Croatia;796
Macao;Cyprus;1245
Macao;Czechia;7406
Macao;Denmark;22122
Macao;Estonia;78
Macao;Finland;1755
Macao;France;2090734
Macao;Germany;217467
Macao;Greece;3309
Macao;Hungary;5417
Macao;India;23157
Macao;Ireland;64131
Macao;Italy;1909050
Macao;Japan;1137221
Macao;Latvia;101
Macao;Lithuania;629
Macao;Luxembourg;294
Macao;Malta;334
Macao;Netherlands;103988
Macao;Norway;15921
Macao;Poland;16640
Macao;Portugal;37633
Macao;Korea;132058
Macao;Romania;29864
Macao;Slovakia;3495
Macao;Slovenia;8665
Macao;Spain;74580
Macao;Sweden;27287
Macao;Switzerland;922086
Macao;UK;249989
Taiwan;Austria;1130033
Taiwan;Belgium;931126
Taiwan;Bulgaria;103737
Taiwan;China;84359398
Taiwan;HongKong;1687911
Taiwan;Macao;7662
Taiwan;Croatia;19293
Taiwan;Cyprus;7818
Taiwan;Czechia;574440
Taiwan;Denmark;898508
Taiwan;Estonia;46562
Taiwan;Finland;439033
Taiwan;France;4568617
Taiwan;Germany;15391885
Taiwan;Greece;59716
Taiwan;Hungary;476887
Taiwan;India;2882748
Taiwan;Ireland;919800
Taiwan;Italy;3703642
Taiwan;Japan;54220607
Taiwan;Latvia;13705
Taiwan;Lithuania;45446
Taiwan;Luxembourg;43856
Taiwan;Malta;40321
Taiwan;Netherlands;9537155
Taiwan;Norway;445786
Taiwan;Poland;460976
Taiwan;Portugal;230608
Taiwan;Korea;33864754
Taiwan;Romania;167079
Taiwan;Slovakia;333732
Taiwan;Slovenia;57565
Taiwan;Spain;1025826
Taiwan;Sweden;1062126
Taiwan;Switzerland;2485046
Taiwan;UK;2941969
Croatia;Austria;2431105
Croatia;Belgium;729199
Croatia;Bulgaria;579793
Croatia;China;1565829
Croatia;HongKong;3596
Croatia;Macao;152
Croatia;Taiwan;40687
Croatia;Cyprus;18515
Croatia;Czechia;1028394
Croatia;Denmark;333856
Croatia;Estonia;26812
Croatia;Finland;68202
Croatia;France;1798546
Croatia;Germany;6502378
Croatia;Greece;459823
Croatia;Hungary;3026104
Croatia;India;210870
Croatia;Ireland;143503
Croatia;Italy;6114412
Croatia;Japan;65064
Croatia;Latvia;17797
Croatia;Lithuania;82085
Croatia;Luxembourg;17278
Croatia;Malta;6293
Croatia;Netherlands;1803521
Croatia;Norway;107059
Croatia;Poland;1836261
Croatia;Portugal;63975
Croatia;Korea;75817
Croatia;Romania;605683
Croatia;Slovakia;1012931
Croatia;Slovenia;5376334
Croatia;Spain;1094320
Croatia;Sweden;324124
Croatia;Switzerland;270282
Croatia;UK;167150
Cyprus;Austria;86583
Cyprus;Belgium;235064
Cyprus;Bulgaria;100426
Cyprus;China;1046153
Cyprus;HongKong;68554
Cyprus;Macao;22
Cyprus;Taiwan;30114
Cyprus;Croatia;29296
Cyprus;Czechia;81170
Cyprus;Denmark;61771
Cyprus;Estonia;5796
Cyprus;Finland;32221
Cyprus;France;285057
Cyprus;Germany;765705
Cyprus;Greece;3167417
Cyprus;Hungary;49521
Cyprus;India;100067
Cyprus;Ireland;141024
Cyprus;Italy;1023657
Cyprus;Japan;246692
Cyprus;Latvia;9317
Cyprus;Lithuania;14724
Cyprus;Luxembourg;8453
Cyprus;Malta;25504
Cyprus;Netherlands;569804
Cyprus;Norway;8155
Cyprus;Poland;108912
Cyprus;Portugal;37170
Cyprus;Korea;66636
Cyprus;Romania;86016
Cyprus;Slovakia;60629
Cyprus;Slovenia;29546
Cyprus;Spain;663093
Cyprus;Sweden;125939
Cyprus;Switzerland;92892
Cyprus;UK;403227
Czechia;Austria;5738774
Czechia;Belgium;3520188
Czechia;Bulgaria;1321531
Czechia;China;39210201
Czechia;HongKong;107226
Czechia;Macao;7426
Czechia;Taiwan;2477345
Czechia;Croatia;270846
Czechia;Cyprus;48214
Czechia;Denmark;1460530
Czechia;Estonia;180427
Czechia;Finland;666967
Czechia;France;6782585
Czechia;Germany;46630775
Czechia;Greece;539121
Czechia;Hungary;5140552
Czechia;India;3075088
Czechia;Ireland;1054193
Czechia;Italy;8833265
Czechia;Japan;4213976
Czechia;Latvia;141107
Czechia;Lithuania;451369
Czechia;Luxembourg;247176
Czechia;Malta;50487
Czechia;Netherlands;5978234
Czechia;Norway;2407604
Czechia;Poland;18960611
Czechia;Portugal;845256
Czechia;Korea;4555376
Czechia;Romania;3297847
Czechia;Slovakia;10411895
Czechia;Slovenia;1071159
Czechia;Spain;4415888
Czechia;Sweden;1826013
Czechia;Switzerland;2205386
Czechia;UK;3683020
Denmark;Austria;1076320
Denmark;Belgium;4052784
Denmark;Bulgaria;226486
Denmark;China;8711459
Denmark;HongKong;115869
Denmark;Macao;1273
Denmark;Taiwan;473425
Denmark;Croatia;102809
Denmark;Cyprus;20610
Denmark;Czechia;2161924
Denmark;Estonia;562746
Denmark;Finland;1430241
Denmark;France;3751195
Denmark;Germany;23584444
Denmark;Greece;212836
Denmark;Hungary;767978
Denmark;India;1067070
Denmark;Ireland;889102
Denmark;Italy;4291831
Denmark;Japan;557421
Denmark;Latvia;859233
Denmark;Lithuania;973251
Denmark;Luxembourg;285184
Denmark;Malta;39037
Denmark;Netherlands;11034571
Denmark;Norway;5498668
Denmark;Poland;5827310
Denmark;Portugal;506673
Denmark;Korea;2409342
Denmark;Romania;309357
Denmark;Slovakia;440783
Denmark;Slovenia;514130
Denmark;Spain;2401720
Denmark;Sweden;14169698
Denmark;Switzerland;859098
Denmark;UK;2527941
Estonia;Austria;210369
Estonia;Belgium;479417
Estonia;Bulgaria;33697
Estonia;China;1345844
Estonia;HongKong;62715
Estonia;Macao;64
Estonia;Taiwan;118139
Estonia;Croatia;13334
Estonia;Cyprus;9765
Estonia;Czechia;583761
Estonia;Denmark;377541
Estonia;Estonia;109871
Estonia;Finland;2474732
Estonia;France;500738
Estonia;Germany;2520681
Estonia;Greece;62411
Estonia;Hungary;123677
Estonia;India;96429
Estonia;Ireland;38056
Estonia;Italy;675910
Estonia;Japan;285951
Estonia;Latvia;1984738
Estonia;Lithuania;2086951
Estonia;Luxembourg;12158
Estonia;Malta;4753
Estonia;Netherlands;1089537
Estonia;Norway;253910
Estonia;Poland;1620643
Estonia;Portugal;65190
Estonia;Korea;110633
Estonia;Romania;81944
Estonia;Slovakia;167367
Estonia;Slovenia;97904
Estonia;Spain;379374
Estonia;Sweden;1574636
Estonia;Switzerland;291890
Estonia;UK;271466
Finland;Austria;795967
Finland;Belgium;1878868
Finland;Bulgaria;135615
Finland;China;7997464
Finland;HongKong;56946
Finland;Macao;115
Finland;Taiwan;624222
Finland;Croatia;51258
Finland;Cyprus;26875
Finland;Czechia;1054348
Finland;Denmark;2021328
Finland;Estonia;2492505
Finland;France;2302028
Finland;Germany;10646229
Finland;Greece;125087
Finland;Hungary;497142
Finland;India;695897
Finland;Ireland;465508
Finland;Italy;2373862
Finland;Japan;891930
Finland;Latvia;556528
Finland;Lithuania;701424
Finland;Luxembourg;84606
Finland;Malta;15750
Finland;Netherlands;3831568
Finland;Norway;5931276
Finland;Poland;2723784
Finland;Portugal;575113
Finland;Korea;764191
Finland;Romania;295286
Finland;Slovakia;351331
Finland;Slovenia;162050
Finland;Spain;1843451
Finland;Sweden;9242600
Finland;Switzerland;747837
Finland;UK;2116011
France;Austria;7644269
France;Belgium;79080157
France;Bulgaria;1425326
France;China;47518035
France;HongKong;760423
France;Macao;8302
France;Taiwan;3332463
France;Croatia;518477
France;Cyprus;125600
France;Czechia;10716056
France;Denmark;5478888
France;Estonia;322707
France;Finland;2497524
France;Germany;115406319
France;Greece;1248702
France;Hungary;5280887
France;India;8355608
France;Ireland;8812283
France;Italy;59463128
France;Japan;5693186
France;Latvia;403804
France;Lithuania;896140
France;Luxembourg;2756112
France;Malta;122970
France;Netherlands;67203779
France;Norway;3188095
France;Poland;18385942
France;Portugal;8585677
France;Korea;6462071
France;Romania;6303023
France;Slovakia;4492920
France;Slovenia;2108718
France;Spain;57760606
France;Sweden;8792883
France;Switzerland;18524562
France;UK;27235528
Germany;Austria;53757958
Germany;Belgium;49613012
Germany;Bulgaria;7140037
Germany;China;174529505
Germany;HongKong;1237517
Germany;Macao;15100
Germany;Taiwan;15472680
Germany;Croatia;2713120
Germany;Cyprus;139354
Germany;Czechia;65382781
Germany;Denmark;15993609
Germany;Estonia;1029545
Germany;Finland;9920829
Germany;France;73206811
Germany;Greece;3734384
Germany;Hungary;37846242
Germany;India;15426886
Germany;Ireland;26584662
Germany;Italy;73834478
Germany;Japan;24908037
Germany;Latvia;1109177
Germany;Lithuania;3154984
Germany;Luxembourg;3556443
Germany;Malta;882040
Germany;Netherlands;99525797
Germany;Norway;14640556
Germany;Poland;84583407
Germany;Portugal;9729266
Germany;Korea;14486564
Germany;Romania;21367828
Germany;Slovakia;22026871
Germany;Slovenia;7602556
Germany;Spain;41612883
Germany;Sweden;19742800
Germany;Switzerland;59292648
Germany;UK;39314774
Greece;Austria;970160
Greece;Belgium;2365091
Greece;Bulgaria;2728014
Greece;China;7515526
Greece;HongKong;51551
Greece;Macao;7
Greece;Taiwan;158833
Greece;Croatia;143650
Greece;Cyprus;612115
Greece;Czechia;730846
Greece;Denmark;678129
Greece;Estonia;31890
Greece;Finland;222803
Greece;France;4115825
Greece;Germany;9456074
Greece;Hungary;831127
Greece;India;1152450
Greece;Ireland;635785
Greece;Italy;7491012
Greece;Japan;330467
Greece;Latvia;36682
Greece;Lithuania;105271
Greece;Luxembourg;61076
Greece;Malta;352701
Greece;Netherlands;5022742
Greece;Norway;1077611
Greece;Poland;1640623
Greece;Portugal;171009
Greece;Korea;439129
Greece;Romania;1161531
Greece;Slovakia;255255
Greece;Slovenia;273664
Greece;Spain;3254842
Greece;Sweden;645355
Greece;Switzerland;536422
Greece;UK;972281
Hungary;Austria;9235838
Hungary;Belgium;3665082
Hungary;Bulgaria;663119
Hungary;China;9718214
Hungary;HongKong;1918039
Hungary;Macao;8345
Hungary;Taiwan;1029858
Hungary;Croatia;1049408
Hungary;Cyprus;43174
Hungary;Czechia;8400557
Hungary;Denmark;966000
Hungary;Estonia;77752
Hungary;Finland;313386
Hungary;France;4750828
Hungary;Germany;34828461
Hungary;Greece;226274
Hungary;India;843702
Hungary;Ireland;1108189
Hungary;Italy;6476935
Hungary;Japan;1549442
Hungary;Latvia;58378
Hungary;Lithuania;234886
Hungary;Luxembourg;136973
Hungary;Malta;59174
Hungary;Netherlands;8230540
Hungary;Norway;189939
Hungary;Poland;9535620
Hungary;Portugal;353873
Hungary;Korea;5699682
Hungary;Romania;4064199
Hungary;Slovakia;9199804
Hungary;Slovenia;2525150
Hungary;Spain;2476548
Hungary;Sweden;1123413
Hungary;Switzerland;794169
Hungary;UK;1516164
India;Austria;1424001
India;Belgium;3506202
India;Bulgaria;177742
India;China;125929319
India;HongKong;11287356
India;Macao;3796
India;Taiwan;11731084
India;Croatia;47339
India;Cyprus;30839
India;Czechia;1162456
India;Denmark;842967
India;Estonia;118201
India;Finland;777346
India;France;7054885
India;Germany;18315780
India;Greece;153677
India;Hungary;589038
India;India;6963209
India;Ireland;779323
India;Italy;5849910
India;Japan;18725000
India;Latvia;81130
India;Lithuania;127364
India;Luxembourg;66655
India;Malta;29890
India;Netherlands;2854778
India;Norway;658419
India;Poland;1432613
India;Portugal;206250
India;Korea;20274232
India;Romania;333681
India;Slovakia;243108
India;Slovenia;142585
India;Spain;2230812
India;Sweden;2098466
India;Switzerland;22253867
India;UK;7783919
Ireland;Austria;567229
Ireland;Belgium;3033062
Ireland;Bulgaria;83603
Ireland;China;12749305
Ireland;HongKong;62726
Ireland;Macao;3467
Ireland;Taiwan;2226100
Ireland;Croatia;30369
Ireland;Cyprus;8471
Ireland;Czechia;1138524
Ireland;Denmark;818369
Ireland;Estonia;27306
Ireland;Finland;224677
Ireland;France;14648346
Ireland;Germany;13181825
Ireland;Greece;207820
Ireland;Hungary;1009644
Ireland;India;1036043
Ireland;Ireland;111637
Ireland;Italy;3391749
Ireland;Japan;2414358
Ireland;Latvia;74416
Ireland;Lithuania;179819
Ireland;Luxembourg;66920
Ireland;Malta;10847
Ireland;Netherlands;7285959
Ireland;Norway;570372
Ireland;Poland;1538420
Ireland;Portugal;739777
Ireland;Korea;1839528
Ireland;Romania;205210
Ireland;Slovakia;267164
Ireland;Slovenia;53372
Ireland;Spain;2827105
Ireland;Sweden;842073
Ireland;Switzerland;2988781
Ireland;UK;23864440
Italy;Austria;13596201
Italy;Belgium;28228473
Italy;Bulgaria;3854426
Italy;China;53662533
Italy;HongKong;432098
Italy;Macao;17741
Italy;Taiwan;2415615
Italy;Croatia;2972496
Italy;Cyprus;174911
Italy;Czechia;9919884
Italy;Denmark;3820251
Italy;Estonia;281804
Italy;Finland;2476174
Italy;France;49535232
Italy;Germany;91951904
Italy;Greece;5192485
Italy;Hungary;8287690
Italy;India;9767137
Italy;Ireland;7954327
Italy;Japan;4767870
Italy;Latvia;359864
Italy;Lithuania;1036972
Italy;Luxembourg;1109519
Italy;Malta;376339
Italy;Netherlands;39396633
Italy;Norway;3174943
Italy;Poland;17207510
Italy;Portugal;4107483
Italy;Korea;5669010
Italy;Romania;9591654
Italy;Slovakia;4894770
Italy;Slovenia;6006641
Italy;Spain;36693008
Italy;Sweden;6174300
Italy;Switzerland;17037471
Italy;UK;8728868
Japan;Austria;2161632
Japan;Belgium;3348053
Japan;Bulgaria;128409
Japan;China;167119668
Japan;HongKong;1822651
Japan;Macao;11670
Japan;Taiwan;30521666
Japan;Croatia;47108
Japan;Cyprus;2420
Japan;Czechia;1735808
Japan;Denmark;1982713
Japan;Estonia;120386
Japan;Finland;1350052
Japan;France;11060344
Japan;Germany;21283499
Japan;Greece;592718
Japan;Hungary;1248178
Japan;India;6434439
Japan;Ireland;5913495
Japan;Italy;12175348
Japan;Latvia;86067
Japan;Lithuania;148609
Japan;Luxembourg;60489
Japan;Malta;157537
Japan;Netherlands;3637560
Japan;Norway;1239872
Japan;Poland;1207578
Japan;Portugal;660944
Japan;Korea;31434188
Japan;Romania;1202113
Japan;Slovakia;538931
Japan;Slovenia;687337
Japan;Spain;3779828
Japan;Sweden;3011095
Japan;Switzerland;8226474
Japan;UK;7936625
Latvia;Austria;214408
Latvia;Belgium;435814
Latvia;Bulgaria;52724
Latvia;China;846555
Latvia;HongKong;53034
Latvia;Macao;10
Latvia;Taiwan;71521
Latvia;Croatia;32557
Latvia;Cyprus;10620
Latvia;Czechia;461832
Latvia;Denmark;396320
Latvia;Estonia;1968342
Latvia;Finland;1127796
Latvia;France;450702
Latvia;Germany;2610053
Latvia;Greece;41911
Latvia;Hungary;200205
Latvia;India;189507
Latvia;Ireland;69947
Latvia;Italy;801340
Latvia;Japan;29888
Latvia;Lithuania;4567553
Latvia;Luxembourg;11798
Latvia;Malta;2657
Latvia;Netherlands;1081590
Latvia;Norway;213051
Latvia;Poland;2477970
Latvia;Portugal;65880
Latvia;Korea;55041
Latvia;Romania;78135
Latvia;Slovakia;246986
Latvia;Slovenia;93800
Latvia;Spain;325233
Latvia;Sweden;714883
Latvia;Switzerland;159555
Latvia;UK;321150
Lithuania;Austria;521379
Lithuania;Belgium;1143294
Lithuania;Bulgaria;118175
Lithuania;China;2039147
Lithuania;HongKong;15980
Lithuania;Macao;5
Lithuania;Taiwan;119119
Lithuania;Croatia;130162
Lithuania;Cyprus;11659
Lithuania;Czechia;1086328
Lithuania;Denmark;781961
Lithuania;Estonia;1799422
Lithuania;Finland;1052159
Lithuania;France;1138857
Lithuania;Germany;5572631
Lithuania;Greece;67087
Lithuania;Hungary;259064
Lithuania;India;227445
Lithuania;Ireland;162012
Lithuania;Italy;1340281
Lithuania;Japan;74130
Lithuania;Latvia;3621714
Lithuania;Luxembourg;21756
Lithuania;Malta;23466
Lithuania;Netherlands;2262096
Lithuania;Norway;2412498
Lithuania;Poland;6278215
Lithuania;Portugal;69811
Lithuania;Korea;211790
Lithuania;Romania;176384
Lithuania;Slovakia;225353
Lithuania;Slovenia;222325
Lithuania;Spain;592650
Lithuania;Sweden;1862223
Lithuania;Switzerland;121013
Lithuania;UK;978489
Luxembourg;Austria;222070
Luxembourg;Belgium;6630779
Luxembourg;Bulgaria;12016
Luxembourg;China;573064
Luxembourg;HongKong;327579
Luxembourg;Macao;19
Luxembourg;Taiwan;37778
Luxembourg;Croatia;12479
Luxembourg;Cyprus;587
Luxembourg;Czechia;359461
Luxembourg;Denmark;88433
Luxembourg;Estonia;3363
Luxembourg;Finland;42717
Luxembourg;France;2898619
Luxembourg;Germany;6316389
Luxembourg;Greece;32859
Luxembourg;Hungary;162847
Luxembourg;India;49131
Luxembourg;Ireland;113427
Luxembourg;Italy;760887
Luxembourg;Japan;336444
Luxembourg;Latvia;10385
Luxembourg;Lithuania;68688
Luxembourg;Luxembourg;298460
Luxembourg;Malta;1052
Luxembourg;Netherlands;1720773
Luxembourg;Norway;22122
Luxembourg;Poland;567994
Luxembourg;Portugal;113486
Luxembourg;Korea;68852
Luxembourg;Romania;20880
Luxembourg;Slovakia;97784
Luxembourg;Slovenia;30265
Luxembourg;Spain;438487
Luxembourg;Sweden;98511
Luxembourg;Switzerland;221183
Luxembourg;UK;443829
Malta;Austria;19391
Malta;Belgium;94221
Malta;Bulgaria;14422
Malta;China;1186695
Malta;HongKong;12798
Malta;Macao;3
Malta;Taiwan;81024
Malta;Croatia;58592
Malta;Cyprus;13412
Malta;Czechia;16603
Malta;Denmark;60042
Malta;Estonia;2160
Malta;Finland;31173
Malta;France;730025
Malta;Germany;378188
Malta;Greece;168000
Malta;Hungary;13819
Malta;India;197893
Malta;Ireland;42531
Malta;Italy;1240429
Malta;Japan;57085
Malta;Latvia;4896
Malta;Lithuania;3781
Malta;Luxembourg;2061
Malta;Netherlands;282622
Malta;Norway;4743
Malta;Poland;56708
Malta;Portugal;20642
Malta;Korea;663305
Malta;Romania;24708
Malta;Slovakia;6613
Malta;Slovenia;15709
Malta;Spain;435883
Malta;Sweden;90597
Malta;Switzerland;60171
Malta;UK;337274
Netherlands;Austria;4267937
Netherlands;Belgium;66925959
Netherlands;Bulgaria;960389
Netherlands;China;94952365
Netherlands;HongKong;6681066
Netherlands;Macao;3978
Netherlands;Taiwan;8680131
Netherlands;Croatia;470593
Netherlands;Cyprus;88976
Netherlands;Czechia;9190605
Netherlands;Denmark;9029245
Netherlands;Estonia;1001736
Netherlands;Finland;5850444
Netherlands;France;25754290
Netherlands;Germany;123467484
Netherlands;Greece;1208948
Netherlands;Hungary;5376140
Netherlands;India;18370208
Netherlands;Ireland;24155240
Netherlands;Italy;20977984
Netherlands;Japan;11668687
Netherlands;Latvia;743866
Netherlands;Lithuania;2674460
Netherlands;Luxembourg;1212668
Netherlands;Malta;97333
Netherlands;Norway;19633329
Netherlands;Poland;17941045
Netherlands;Portugal;3100539
Netherlands;Korea;7289323
Netherlands;Romania;3313894
Netherlands;Slovakia;2067927
Netherlands;Slovenia;1059455
Netherlands;Spain;13662077
Netherlands;Sweden;11247256
Netherlands;Switzerland;7069353
Netherlands;UK;34131341
Norway;Austria;676934
Norway;Belgium;2095378
Norway;Bulgaria;123650
Norway;China;11954459
Norway;HongKong;147646
Norway;Macao;1149
Norway;Taiwan;773448
Norway;Croatia;106551
Norway;Cyprus;5955
Norway;Czechia;1432495
Norway;Denmark;4269351
Norway;Estonia;653493
Norway;Finland;2456804
Norway;France;2780873
Norway;Germany;10495925
Norway;Greece;185273
Norway;Hungary;955670
Norway;India;863520
Norway;Ireland;609539
Norway;Italy;3100051
Norway;Japan;1830452
Norway;Latvia;391257
Norway;Lithuania;1134743
Norway;Luxembourg;78608
Norway;Malta;102896
Norway;Netherlands;4587772
Norway;Poland;3443512
Norway;Portugal;382704
Norway;Korea;693182
Norway;Romania;652096
Norway;Slovakia;384099
Norway;Slovenia;223274
Norway;Spain;2198954
Norway;Sweden;10509207
Norway;Switzerland;1000176
Norway;UK;4648840
Poland;Austria;5447387
Poland;Belgium;8217556
Poland;Bulgaria;2988924
Poland;China;55071605
Poland;HongKong;154039
Poland;Macao;6303
Poland;Taiwan;3027712
Poland;Croatia;388142
Poland;Cyprus;51860
Poland;Czechia;12251935
Poland;Denmark;6652916
Poland;Estonia;517636
Poland;Finland;2585028
Poland;France;13170810
Poland;Germany;72930080
Poland;Greece;1216222
Poland;Hungary;5842844
Poland;India;4345059
Poland;Ireland;2274140
Poland;Italy;17782268
Poland;Japan;5505423
Poland;Latvia;604467
Poland;Lithuania;3011592
Poland;Luxembourg;371890
Poland;Malta;78487
Poland;Netherlands;14635518
Poland;Norway;8350345
Poland;Portugal;1388553
Poland;Korea;10952506
Poland;Romania;3437468
Poland;Slovakia;5457121
Poland;Slovenia;1347543
Poland;Spain;8514000
Poland;Sweden;6416456
Poland;Switzerland;3043861
Poland;UK;6516742
Portugal;Austria;766405
Portugal;Belgium;3662622
Portugal;Bulgaria;129939
Portugal;China;5544180
Portugal;HongKong;111385
Portugal;Macao;448
Portugal;Taiwan;683487
Portugal;Croatia;75530
Portugal;Cyprus;13408
Portugal;Czechia;893692
Portugal;Denmark;542564
Portugal;Estonia;55678
Portugal;Finland;332972
Portugal;France;8353031
Portugal;Germany;13201199
Portugal;Greece;227915
Portugal;Hungary;665797
Portugal;India;1156485
Portugal;Ireland;2148012
Portugal;Italy;5987694
Portugal;Japan;543500
Portugal;Latvia;51350
Portugal;Lithuania;102456
Portugal;Luxembourg;99511
Portugal;Malta;126552
Portugal;Netherlands;6376091
Portugal;Norway;544438
Portugal;Poland;1946963
Portugal;Korea;931099
Portugal;Romania;582852
Portugal;Slovakia;354620
Portugal;Slovenia;230511
Portugal;Spain;38356083
Portugal;Sweden;1104421
Portugal;Switzerland;597949
Portugal;UK;1308558
Korea;Austria;1628987
Korea;Belgium;1537484
Korea;Bulgaria;254448
Korea;China;139874970
Korea;HongKong;2255885
Korea;Macao;3327
Korea;Taiwan;30224935
Korea;Croatia;36615
Korea;Cyprus;9448
Korea;Czechia;1364716
Korea;Denmark;1209745
Korea;Estonia;105937
Korea;Finland;862769
Korea;France;8150923
Korea;Germany;22291973
Korea;Greece;1092439
Korea;Hungary;734343
Korea;India;6431322
Korea;Ireland;1441156
Korea;Italy;7724706
Korea;Japan;47564709
Korea;Latvia;105357
Korea;Lithuania;115232
Korea;Luxembourg;76682
Korea;Malta;324019
Korea;Netherlands;8173784
Korea;Norway;1396132
Korea;Poland;1068980
Korea;Portugal;518639
Korea;Romania;709410
Korea;Slovakia;743325
Korea;Slovenia;113039
Korea;Spain;2415100
Korea;Sweden;1942296
Korea;Switzerland;3527390
Korea;UK;4572330
Romania;Austria;4226940
Romania;Belgium;3392096
Romania;Bulgaria;6079055
Romania;China;8508648
Romania;HongKong;21886
Romania;Macao;42
Romania;Taiwan;398105
Romania;Croatia;353638
Romania;Cyprus;100705
Romania;Czechia;3926168
Romania;Denmark;861439
Romania;Estonia;101642
Romania;Finland;290153
Romania;France;5740744
Romania;Germany;25460917
Romania;Greece;2138752
Romania;Hungary;9058845
Romania;India;768068
Romania;Ireland;682038
Romania;Italy;11296030
Romania;Japan;485116
Romania;Latvia;89830
Romania;Lithuania;304764
Romania;Luxembourg;152020
Romania;Malta;30569
Romania;Netherlands;5877615
Romania;Norway;471637
Romania;Poland;8667097
Romania;Portugal;603908
Romania;Korea;930890
Romania;Slovakia;2792407
Romania;Slovenia;1209679
Romania;Spain;4147760
Romania;Sweden;749635
Romania;Switzerland;1704961
Romania;UK;1323008
Slovakia;Austria;3036531
Slovakia;Belgium;897579
Slovakia;Bulgaria;488328
Slovakia;China;8115630
Slovakia;HongKong;70423
Slovakia;Macao;131
Slovakia;Taiwan;533596
Slovakia;Croatia;198269
Slovakia;Cyprus;9690
Slovakia;Czechia;10784517
Slovakia;Denmark;323380
Slovakia;Estonia;33690
Slovakia;Finland;220446
Slovakia;France;2955367
Slovakia;Germany;16280014
Slovakia;Greece;282619
Slovakia;Hungary;5752602
Slovakia;India;1136325
Slovakia;Ireland;424237
Slovakia;Italy;3522030
Slovakia;Japan;697895
Slovakia;Latvia;46146
Slovakia;Lithuania;188938
Slovakia;Luxembourg;102320
Slovakia;Malta;46840
Slovakia;Netherlands;1501984
Slovakia;Norway;239243
Slovakia;Poland;6885503
Slovakia;Portugal;543408
Slovakia;Korea;6132620
Slovakia;Romania;1969332
Slovakia;Slovakia;721968
Slovakia;Slovenia;511143
Slovakia;Spain;1972339
Slovakia;Sweden;644892
Slovakia;Switzerland;848662
Slovakia;UK;1747343
Slovenia;Austria;3433995
Slovenia;Belgium;733208
Slovenia;Bulgaria;206747
Slovenia;China;9160690
Slovenia;HongKong;25464
Slovenia;Macao;743
Slovenia;Taiwan;156899
Slovenia;Croatia;2181717
Slovenia;Cyprus;24853
Slovenia;Czechia;952218
Slovenia;Denmark;165400
Slovenia;Estonia;31882
Slovenia;Finland;120462
Slovenia;France;1400745
Slovenia;Germany;7102419
Slovenia;Greece;424618
Slovenia;Hungary;1112415
Slovenia;India;6594372
Slovenia;Ireland;318796
Slovenia;Italy;5825014
Slovenia;Japan;478792
Slovenia;Latvia;26201
Slovenia;Lithuania;90321
Slovenia;Luxembourg;39765
Slovenia;Malta;8703
Slovenia;Netherlands;981161
Slovenia;Norway;48812
Slovenia;Poland;1354133
Slovenia;Portugal;141885
Slovenia;Korea;443028
Slovenia;Romania;519831
Slovenia;Slovakia;536470
Slovenia;Slovenia;271732
Slovenia;Spain;1058395
Slovenia;Sweden;397237
Slovenia;Switzerland;17982777
Slovenia;UK;449973
Spain;Austria;3200558
Spain;Belgium;10451157
Spain;Bulgaria;884208
Spain;China;46595993
Spain;HongKong;445171
Spain;Macao;3331
Spain;Taiwan;1901436
Spain;Croatia;261681
Spain;Cyprus;32594
Spain;Czechia;5728639
Spain;Denmark;2522169
Spain;Estonia;192542
Spain;Finland;1366845
Spain;France;36919862
Spain;Germany;48697770
Spain;Greece;1234205
Spain;Hungary;3751065
Spain;India;6196068
Spain;Ireland;3771599
Spain;Italy;29653143
Spain;Japan;5182335
Spain;Latvia;216392
Spain;Lithuania;545091
Spain;Luxembourg;511083
Spain;Malta;225764
Spain;Netherlands;20163553
Spain;Norway;1503408
Spain;Poland;8630596
Spain;Portugal;16857355
Spain;Korea;3917126
Spain;Romania;2637847
Spain;Slovakia;2422033
Spain;Slovenia;807262
Spain;Sweden;4373042
Spain;Switzerland;4827890
Spain;UK;10647900
Sweden;Austria;2139570
Sweden;Belgium;8970868
Sweden;Bulgaria;344857
Sweden;China;11930682
Sweden;HongKong;119549
Sweden;Macao;1317
Sweden;Taiwan;810756
Sweden;Croatia;264684
Sweden;Cyprus;70602
Sweden;Czechia;3664979
Sweden;Denmark;12547431
Sweden;Estonia;1599308
Sweden;Finland;8890068
Sweden;France;6403882
Sweden;Germany;30538355
Sweden;Greece;231335
Sweden;Hungary;1735843
Sweden;India;1278594
Sweden;Ireland;1828308
Sweden;Italy;6191969
Sweden;Japan;1423536
Sweden;Latvia;1051586
Sweden;Lithuania;1573660
Sweden;Luxembourg;279597
Sweden;Malta;90814
Sweden;Netherlands;20522606
Sweden;Norway;17737397
Sweden;Poland;8649424
Sweden;Portugal;1175718
Sweden;Korea;1382685
Sweden;Romania;664500
Sweden;Slovakia;1633873
Sweden;Slovenia;385944
Sweden;Spain;3435412
Sweden;Switzerland;1385769
Sweden;UK;6159195
Switzerland;Austria;10718218
Switzerland;Belgium;4181041
Switzerland;Bulgaria;542482
Switzerland;China;20293011
Switzerland;HongKong;5902651
Switzerland;Macao;26452
Switzerland;Taiwan;1396946
Switzerland;Croatia;395192
Switzerland;Cyprus;14225
Switzerland;Czechia;3439317
Switzerland;Denmark;1973217
Switzerland;Estonia;186767
Switzerland;Finland;1856596
Switzerland;France;21468497
Switzerland;Germany;67848306
Switzerland;Greece;240123
Switzerland;Hungary;1752979
Switzerland;India;3017184
Switzerland;Ireland;3858864
Switzerland;Italy;30373586
Switzerland;Japan;8059307
Switzerland;Latvia;82339
Switzerland;Lithuania;288777
Switzerland;Luxembourg;304757
Switzerland;Malta;49147
Switzerland;Netherlands;7065908
Switzerland;Norway;597626
Switzerland;Poland;3847591
Switzerland;Portugal;1429944
Switzerland;Korea;2042682
Switzerland;Romania;1779982
Switzerland;Slovakia;1545806
Switzerland;Slovenia;20384125
Switzerland;Spain;8215499
Switzerland;Sweden;1793880
Switzerland;UK;8631649
UK;Austria;5609231
UK;Belgium;18417141
UK;Bulgaria;1040514
UK;China;99220564
UK;HongKong;3222993
UK;Macao;9531
UK;Taiwan;5617931
UK;Croatia;384002
UK;Cyprus;331706
UK;Czechia;10913576
UK;Denmark;5786288
UK;Estonia;567656
UK;Finland;3214441
UK;France;39107179
UK;Germany;76800802
UK;Greece;2094935
UK;Hungary;6575300
UK;India;15339653
UK;Ireland;20288041
UK;Italy;32091138
UK;Japan;13507238
UK;Latvia;1134867
UK;Lithuania;1693719
UK;Luxembourg;580398
UK;Malta;117324
UK;Netherlands;26384343
UK;Norway;29385449
UK;Poland;19950848
UK;Portugal;4625369
UK;Korea;7718456
UK;Romania;5365378
UK;Slovakia;6034525
UK;Slovenia;1194647
UK;Spain;26885700
UK;Sweden;9301849
UK;Switzerland;19367341
UK;UK;12511159
