"variant";"name";"continent";"iso3";"label";"color";"strength";"eigenv";"between";"closen"
"1. Full network";"Afghanistan";"Asia";"AFG";"AFG";"gold";5722130,769;0,00100991877583987;0;4,03975564903765e-05
"1. Full network";"Albania";"Europe";"ALB";"ALB";"skyblue";9716228,613;0,00171322341627708;0;4,04458200307263e-05
"1. Full network";"Algeria";"Africa";"DZA";"DZA";"tomato";43621474,967;0,0149807063580035;0;4,06018440170684e-05
"1. Full network";"American Samoa";"Oceania";"ASM";"ASM";"orchid";253973,205;2,27907519825688e-05;0;3,73045128557419e-05
"1. Full network";"Andorra";"Europe";"AND";"AND";"skyblue";1870278,766;0,000175888889296079;0;4,03953977265554e-05
"1. Full network";"Angola";"Africa";"AGO";"AGO";"tomato";14536768,346;0,0137839652764734;0;4,0486844492153e-05
"1. Full network";"Antigua and Barbuda";"Americas";"ATG";"ATG";"palegreen3";996406,517;0,00038864403446557;0;3,99139113464326e-05
"1. Full network";"Azerbaijan";"Asia";"AZE";"AZE";"gold";24300977,763;0,0060086005751057;0;4,05340583997147e-05
"1. Full network";"Argentina";"Americas";"ARG";"ARG";"palegreen3";59638711,949;0,0249050611133587;0;4,06017556046463e-05
"1. Full network";"Australia";"Oceania";"AUS";"AUS";"orchid";287224026,958;0,170342852143767;1558;4,06285900018237e-05
"1. Full network";"Austria";"Europe";"AUT";"AUT";"skyblue";208697739,913;0,0713868821400223;0;4,06281294912472e-05
"1. Full network";"Bahamas";"Americas";"BHS";"BHS";"palegreen3";8111612,622;0,00388118624546594;224;4,05553142405173e-05
"1. Full network";"Bahrain";"Asia";"BHR";"BHR";"gold";17053788,872;0,00472677871014104;0;4,04790042329522e-05
"1. Full network";"Bangladesh";"Asia";"BGD";"BGD";"gold";63551755,812;0,0269900946643177;447;4,06179645376274e-05
"1. Full network";"Armenia";"Asia";"ARM";"ARM";"gold";17355431,329;0,00365536055203747;224;4,05909783438719e-05
"1. Full network";"Barbados";"Americas";"BRB";"BRB";"palegreen3";2360358,781;0,000683395584016456;224;4,02209296207394e-05
"1. Full network";"Belgium";"Europe";"BEL";"BEL";"skyblue";437993130,852;0,124594606769706;224;4,0627490646566e-05
"1. Full network";"Bermuda";"Americas";"BMU";"BMU";"palegreen3";3317200,094;0,000983624925660742;0;4,04506458653075e-05
"1. Full network";"Bhutan";"Asia";"BTN";"BTN";"gold";1437781,993;0,000239795128096451;0;4,03206828118265e-05
"1. Full network";"Bolivia (Plurinational State of)";"Americas";"BOL";"BOL";"palegreen3";9885387,584;0,0034396666372654;0;4,04665183289414e-05
"1. Full network";"Bosnia Herzegovina";"Europe";"BIH";"BIH";"skyblue";16436828,339;0,00270284132256644;0;4,04328277910909e-05
"1. Full network";"Botswana";"Africa";"BWA";"BWA";"tomato";6462216,117;0,00120091673717605;0;4,05326124326211e-05
"1. Full network";"Brazil";"Americas";"BRA";"BRA";"palegreen3";275989304,341;0,157895652695067;893;4,06283228356385e-05
"1. Full network";"Belize";"Americas";"BLZ";"BLZ";"palegreen3";1661490,848;0,00067563478394714;0;4,01074087660906e-05
"1. Full network";"Br. Indian Ocean Terr.";"Asia";"IOT";"IOT";"gold";85564,398;7,94698451541631e-06;0;3,39079529568706e-05
"1. Full network";"Solomon Isds";"Oceania";"SLB";"SLB";"orchid";554556,225;0,000348367758300496;0;3,8926825132479e-05
"1. Full network";"Br. Virgin Isds";"Americas";"VGB";"VGB";"palegreen3";1017113,059;0,000342022038633231;0;3,92050615434665e-05
"1. Full network";"Brunei Darussalam";"Asia";"BRN";"BRN";"gold";7952381,857;0,00322984854410938;0;4,04826403765004e-05
"1. Full network";"Bulgaria";"Europe";"BGR";"BGR";"skyblue";53822002,838;0,0117429793712218;0;4,05676265745592e-05
"1. Full network";"Myanmar";"Asia";"MMR";"MMR";"gold";20830655,953;0,00922680855451871;0;4,05864277866654e-05
"1. Full network";"Burundi";"Africa";"BDI";"BDI";"tomato";483961,976;8,01401742326928e-05;0;3,69356142111002e-05
"1. Full network";"Belarus";"Europe";"BLR";"BLR";"skyblue";16464717,896;0,00489642840205995;0;4,05773195820777e-05
"1. Full network";"Cambodia";"Asia";"KHM";"KHM";"gold";37521035,514;0,0197619677472441;0;4,06064809014369e-05
"1. Full network";"Cameroon";"Africa";"CMR";"CMR";"tomato";8230007,371;0,00345539036571332;224;4,05329570187306e-05
"1. Full network";"Canada";"Americas";"CAN";"CAN";"palegreen3";533151871,675;0,459251840050231;670;4,06332414333678e-05
"1. Full network";"Cabo Verde";"Africa";"CPV";"CPV";"tomato";997253,053;0,000114876236266277;0;3,97657305883855e-05
"1. Full network";"Cayman Isds";"Americas";"CYM";"CYM";"palegreen3";6477185,385;0,00160141794757626;0;4,04765276099053e-05
"1. Full network";"Central African Rep.";"Africa";"CAF";"CAF";"tomato";826854,552;0,000164211146848855;0;3,88386225883828e-05
"1. Full network";"Sri Lanka";"Asia";"LKA";"LKA";"gold";19194040,994;0,00654420517461943;0;4,05490674593462e-05
"1. Full network";"Chad";"Africa";"TCD";"TCD";"tomato";1158481,587;0,00108066111470601;0;3,96649411222833e-05
"1. Full network";"Chile";"Americas";"CHL";"CHL";"palegreen3";82591754,117;0,0549520640460693;448;4,06149767098557e-05
"1. Full network";"China";"Asia";"CHN";"CHN";"gold";2090351058,196;0,8555349948378;38015;4,06334718334587e-05
"1. Full network";"Christmas Isds";"Oceania";"CXR";"CXR";"orchid";45226,589;6,75717024584392e-06;0;3,26401460498698e-05
"1. Full network";"Cocos Isds";"Oceania";"CCK";"CCK";"orchid";13364,659;3,06345518945343e-06;0;2,24542706859501e-05
"1. Full network";"Colombia";"Americas";"COL";"COL";"palegreen3";63065745,54;0,0323743861647521;0;4,06128598526558e-05
"1. Full network";"Comoros";"Africa";"COM";"COM";"tomato";352663,102;7,04362463967173e-05;0;3,72060678553738e-05
"1. Full network";"Congo";"Africa";"COG";"COG";"tomato";4393168,473;0,0034636202089423;0;4,04104997451235e-05
"1. Full network";"Dem. Rep. of the Congo";"Africa";"COD";"COD";"tomato";11520867,171;0,0136071890342116;0;4,0548028356814e-05
"1. Full network";"Cook Isds";"Oceania";"COK";"COK";"orchid";263436,341;2,85952202567522e-05;0;3,7132692222111e-05
"1. Full network";"Costa Rica";"Americas";"CRI";"CRI";"palegreen3";23667731,94;0,0147372343273838;0;4,0591776261173e-05
"1. Full network";"Croatia";"Europe";"HRV";"HRV";"skyblue";46638554,122;0,00716500121109477;0;4,05770534048967e-05
"1. Full network";"Cuba";"Americas";"CUB";"CUB";"palegreen3";3675210,027;0,00102988586443388;0;4,01938464759514e-05
"1. Full network";"Cyprus";"Asia";"CYP";"CYP";"gold";15832361,213;0,00189501978281048;224;4,04862142618352e-05
"1. Full network";"Czechia";"Europe";"CZE";"CZE";"skyblue";230183900,456;0,075118776003477;224;4,06259620553578e-05
"1. Full network";"Benin";"Africa";"BEN";"BEN";"tomato";4599661,597;0,000922286842599039;224;4,02131295269409e-05
"1. Full network";"Denmark";"Europe";"DNK";"DNK";"skyblue";124875176,687;0,0383636220122772;448;4,06181069835512e-05
"1. Full network";"Dominica";"Americas";"DMA";"DMA";"palegreen3";241803,794;6,7673470091703e-05;0;3,51397668796122e-05
"1. Full network";"Dominican Rep.";"Americas";"DOM";"DOM";"palegreen3";32691283,947;0,0165264103036992;0;4,06060898873432e-05
"1. Full network";"Ecuador";"Americas";"ECU";"ECU";"palegreen3";28270688,506;0,0182442366616567;0;4,05789645023069e-05
"1. Full network";"El Salvador";"Americas";"SLV";"SLV";"palegreen3";16373543,417;0,00594999976777296;0;4,05515063154241e-05
"1. Full network";"Equatorial Guinea";"Africa";"GNQ";"GNQ";"tomato";1008644,468;0,00108246534507097;0;3,85622044691445e-05
"1. Full network";"Ethiopia";"Africa";"ETH";"ETH";"tomato";7224165,284;0,00274618587630805;0;4,05195929719701e-05
"1. Full network";"Eritrea";"Africa";"ERI";"ERI";"tomato";345682,974;0,000340765703464442;0;3,84348788431532e-05
"1. Full network";"Estonia";"Europe";"EST";"EST";"skyblue";24364465,542;0,00476639164816019;0;4,04904123157331e-05
"1. Full network";"Falkland Isds (Malvinas)";"Americas";"FLK";"FLK";"palegreen3";238913,949;5,85636863190399e-05;0;3,80247681658938e-05
"1. Full network";"Fiji";"Oceania";"FJI";"FJI";"orchid";3514901,866;0,000891843123097497;224;4,01501447471821e-05
"1. Full network";"Finland";"Europe";"FIN";"FIN";"skyblue";77744873,056;0,0240255020322928;222;4,05999335398784e-05
"1. Full network";"France";"Europe";"FRA";"FRA";"skyblue";745646808,838;0,219600636067921;2860;4,06306811095124e-05
"1. Full network";"French Polynesia";"Oceania";"PYF";"PYF";"orchid";1798721,67;0,000339716119575002;0;4,02034399679261e-05
"1. Full network";"Fr. South Antarctic Terr.";"Antarctica";"ATF";"ATF";"lightgray";27083,405;5,10754691849923e-06;0;1,68558420822963e-05
"1. Full network";"Djibouti";"Africa";"DJI";"DJI";"tomato";6903459,756;0,00179077778581112;0;4,05278608206384e-05
"1. Full network";"Gabon";"Africa";"GAB";"GAB";"tomato";2670723,791;0,00251551751819183;0;4,01249820942203e-05
"1. Full network";"Georgia";"Asia";"GEO";"GEO";"gold";13150337,159;0,00205205826408429;0;4,04926326958313e-05
"1. Full network";"Gambia";"Africa";"GMB";"GMB";"tomato";2037718,79;0,000399373711935979;224;3,98522542575847e-05
"1. Full network";"State of Palestine";"Asia";"PSE";"PSE";"gold";2003475,586;0,000190040927041654;0;4,02402269598828e-05
"1. Full network";"Germany";"Europe";"DEU";"DEU";"skyblue";1345366379,845;0,431472828782699;16105;4,06331462067971e-05
"1. Full network";"Ghana";"Africa";"GHA";"GHA";"tomato";20266231,445;0,00867093194321954;0;4,05961799828856e-05
"1. Full network";"Gibraltar";"Europe";"GIB";"GIB";"skyblue";9885280,575;0,000952740943543043;0;4,05237596713226e-05
"1. Full network";"Kiribati";"Oceania";"KIR";"KIR";"orchid";186889,52;4,77200433903773e-05;0;3,47476334365177e-05
"1. Full network";"Greece";"Europe";"GRC";"GRC";"skyblue";90997342,63;0,0167037902799728;293;4,05949479766599e-05
"1. Full network";"Greenland";"Americas";"GRL";"GRL";"palegreen3";991565,252;0,000302714202970187;0;4,00638014676638e-05
"1. Full network";"Grenada";"Americas";"GRD";"GRD";"palegreen3";380370,642;0,000122804275172282;0;3,83017827923541e-05
"1. Full network";"Guam";"Oceania";"GUM";"GUM";"orchid";851052,18;0,000114547835896559;0;3,94651343970034e-05
"1. Full network";"Guatemala";"Americas";"GTM";"GTM";"palegreen3";32443325,716;0,0137284233522816;0;4,05969090416635e-05
"1. Full network";"Guinea";"Africa";"GIN";"GIN";"tomato";7724062,886;0,00606837128737433;0;4,05393737874069e-05
"1. Full network";"Guyana";"Americas";"GUY";"GUY";"palegreen3";4025623,439;0,00598384318778038;0;4,0334185062894e-05
"1. Full network";"Haiti";"Americas";"HTI";"HTI";"palegreen3";3403558,907;0,00130520036909733;0;4,03113267638394e-05
"1. Full network";"Honduras";"Americas";"HND";"HND";"palegreen3";17535878,233;0,0085149174204302;0;4,0574539879283e-05
"1. Full network";"China, Hong Kong SAR";"Asia";"HKG";"HKG";"gold";674006154,749999;0,221708381005236;224;4,06322711284746e-05
"1. Full network";"Hungary";"Europe";"HUN";"HUN";"skyblue";150315491,27;0,0450885656544202;0;4,06219454617954e-05
"1. Full network";"Iceland";"Europe";"ISL";"ISL";"skyblue";9986986,496;0,00288300147720449;0;4,02776947555696e-05
"1. Full network";"Indonesia";"Asia";"IDN";"IDN";"gold";230658000,647;0,12455523858973;670;4,06285251389488e-05
"1. Full network";"Iran";"Asia";"IRN";"IRN";"gold";22566874,583;0,0080767356009606;0;4,05923365740679e-05
"1. Full network";"Iraq";"Asia";"IRQ";"IRQ";"gold";51536031,787;0,0404008410189728;0;4,06105788915289e-05
"1. Full network";"Ireland";"Europe";"IRL";"IRL";"skyblue";130395151,605;0,0980993179063689;224;4,06182560603905e-05
"1. Full network";"Israel";"Asia";"ISR";"ISR";"gold";85748718,79;0,0353057944730338;0;4,06049139972765e-05
"1. Full network";"Italy";"Europe";"ITA";"ITA";"skyblue";584070543,803;0,183440989336935;2873;4,06292702615195e-05
"1. Full network";"CÃ´te d'Ivoire";"Africa";"CIV";"CIV";"tomato";18563443,29;0,00599992979029788;223;4,05213315634966e-05
"1. Full network";"Jamaica";"Americas";"JAM";"JAM";"palegreen3";6033973,58;0,00239876660582911;0;4,04919396463369e-05
"1. Full network";"Japan";"Asia";"JPN";"JPN";"gold";714357263,599;0,355210569079225;448;4,06313753290423e-05
"1. Full network";"Kazakhstan";"Asia";"KAZ";"KAZ";"gold";69996274,668;0,0291828333248129;0;4,06168686986253e-05
"1. Full network";"Jordan";"Asia";"JOR";"JOR";"gold";20975408,414;0,00710062759380819;0;4,05568689505897e-05
"1. Full network";"Kenya";"Africa";"KEN";"KEN";"tomato";24791828,087;0,00582136262639382;0;4,05754055664483e-05
"1. Full network";"Dem. People's Rep. of Korea";"Asia";"PRK";"PRK";"gold";1827577,686;0,00102293244656623;0;4,04348276739397e-05
"1. Full network";"Rep. of Korea";"Asia";"KOR";"KOR";"gold";614947337,003;0,332702866880695;670;4,06308329653254e-05
"1. Full network";"Kuwait";"Asia";"KWT";"KWT";"gold";37471506,092;0,0202256641192668;0;4,0580568343766e-05
"1. Full network";"Kyrgyzstan";"Asia";"KGZ";"KGZ";"gold";28771176,986;0,0112990159316399;0;4,06128748447013e-05
"1. Full network";"Lao People's Dem. Rep.";"Asia";"LAO";"LAO";"gold";8742619,503;0,00498732392475231;0;4,05546169849213e-05
"1. Full network";"Lebanon";"Asia";"LBN";"LBN";"gold";13479512,762;0,00234367505504081;0;4,04636910228145e-05
"1. Full network";"Lesotho";"Africa";"LSO";"LSO";"tomato";1907040,217;0,000360591147113281;0;4,03726593636044e-05
"1. Full network";"Latvia";"Europe";"LVA";"LVA";"skyblue";22678101,689;0,00349436167370244;0;4,04844811942156e-05
"1. Full network";"Liberia";"Africa";"LBR";"LBR";"tomato";22920994,866;0,00813317959119805;0;4,06069385675427e-05
"1. Full network";"Libya";"Africa";"LBY";"LBY";"tomato";20888236,056;0,00744729137399145;447;4,0531741464937e-05
"1. Full network";"Lithuania";"Europe";"LTU";"LTU";"skyblue";43610135,381;0,00865033231798321;446;4,05670063448149e-05
"1. Full network";"Luxembourg";"Europe";"LUX";"LUX";"skyblue";26969993,501;0,00650078130489758;0;4,0576177051324e-05
"1. Full network";"China, Macao SAR";"Asia";"MAC";"MAC";"gold";11929964,629;0,00345357828941582;0;4,05456836618833e-05
"1. Full network";"Madagascar";"Africa";"MDG";"MDG";"tomato";5093098,096;0,00169125531766097;0;4,03611198722064e-05
"1. Full network";"Malawi";"Africa";"MWI";"MWI";"tomato";3239481,171;0,000521978603985459;0;3,99588909281113e-05
"1. Full network";"Malaysia";"Asia";"MYS";"MYS";"gold";303376783,561;0,169721820951703;670;4,0628529321272e-05
"1. Full network";"Maldives";"Asia";"MDV";"MDV";"gold";4314380,941;0,000756911552905221;0;4,02565094138968e-05
"1. Full network";"Mali";"Africa";"MLI";"MLI";"tomato";6025053,08;0,000757602876838549;0;4,03089213662089e-05
"1. Full network";"Malta";"Europe";"MLT";"MLT";"skyblue";15971610,502;0,00399646595172555;0;4,05242587996192e-05
"1. Full network";"Mauritania";"Africa";"MRT";"MRT";"tomato";5412664,975;0,00190097496651469;0;4,02857961757189e-05
"1. Full network";"Mauritius";"Africa";"MUS";"MUS";"tomato";6988272,59;0,00141018696348586;0;4,03566098486333e-05
"1. Full network";"Mexico";"Americas";"MEX";"MEX";"palegreen3";563525204,208;0,528926877108088;0;4,06332575595979e-05
"1. Full network";"Other Asia, nes";"Asia";NA;"Oth";"gold";349324235,689;0,229979268120298;224;4,06284816699823e-05
"1. Full network";"Mongolia";"Asia";"MNG";"MNG";"gold";8372302,948;0,00940769613265883;0;4,05516354316683e-05
"1. Full network";"Rep. of Moldova";"Europe";"MDA";"MDA";"skyblue";9630062,524;0,00148745119715843;0;4,04081093652137e-05
"1. Full network";"Montenegro";"Europe";"MNE";"MNE";"skyblue";5410437,893;0,000630504572615518;0;4,02866714832056e-05
"1. Full network";"Montserrat";"Americas";"MSR";"MSR";"palegreen3";17871,8;9,97581848275534e-06;0;2,01322314492517e-05
"1. Full network";"Morocco";"Africa";"MAR";"MAR";"tomato";87599365,317;0,0220102228379298;0;4,06017888430869e-05
"1. Full network";"Mozambique";"Africa";"MOZ";"MOZ";"tomato";16079170,982;0,00398404792319291;0;4,05599806721594e-05
"1. Full network";"Oman";"Asia";"OMN";"OMN";"gold";24585560,193;0,0242357211680891;0;4,05689893148946e-05
"1. Full network";"Namibia";"Africa";"NAM";"NAM";"tomato";9267310,557;0,00232928263555207;0;4,05152217248696e-05
"1. Full network";"Nauru";"Oceania";"NRU";"NRU";"orchid";60559,864;3,11322099051208e-05;0;3,13165954616931e-05
"1. Full network";"Nepal";"Asia";"NPL";"NPL";"gold";10294038,712;0,00217288476363892;0;4,05796943372328e-05
"1. Full network";"Netherlands";"Europe";"NLD";"NLD";"skyblue";689971408,15;0,212154057983805;1178;4,0630860079298e-05
"1. Full network";"CuraÃ§ao";"Americas";"CUW";"CUW";"palegreen3";1615263,009;0,000560636600512896;0;4,01639436544748e-05
"1. Full network";"Aruba";"Americas";"ABW";"ABW";"palegreen3";1289048,211;0,000475614354397536;0;4,01140479445316e-05
"1. Full network";"Saint Maarten";"Americas";"SXM";"SXM";"palegreen3";912848,913;0,000418050881594047;0;4,06083314069136e-05
"1. Full network";"Bonaire";"Americas";"BES";"BES";"palegreen3";726051,68;0,000105424999153294;0;3,96142312450277e-05
"1. Full network";"New Caledonia";"Oceania";"NCL";"NCL";"orchid";1709147,658;0,000677684540097976;0;4,0108557923951e-05
"1. Full network";"Vanuatu";"Oceania";"VUT";"VUT";"orchid";528528,631;0,000160849108927615;0;3,8697783551422e-05
"1. Full network";"New Zealand";"Oceania";"NZL";"NZL";"orchid";46838437,887;0,0223907598165574;448;4,05960962791687e-05
"1. Full network";"Nicaragua";"Americas";"NIC";"NIC";"palegreen3";11394370,968;0,00561792045934538;0;4,05058275198249e-05
"1. Full network";"Niger";"Africa";"NER";"NER";"tomato";1678540,614;0,00064014387584032;0;3,95491228177648e-05
"1. Full network";"Nigeria";"Africa";"NGA";"NGA";"tomato";50981849,703;0,0224179710276507;0;4,06106435915224e-05
"1. Full network";"Niue";"Oceania";"NIU";"NIU";"orchid";36376,78;5,20532144546622e-06;0;2,78451601196098e-05
"1. Full network";"Norfolk Isds";"Oceania";"NFK";"NFK";"orchid";36949,369;2,57744915540219e-06;0;2,44337750021509e-05
"1. Full network";"Norway";"Europe";"NOR";"NOR";"skyblue";100831074,418;0,0400117676038376;1;4,0601897542591e-05
"1. Full network";"N. Mariana Isds";"Oceania";"MNP";"MNP";"orchid";135366,188;1,40183902809185e-05;0;3,72698177233151e-05
"1. Full network";"FS Micronesia";"Oceania";"FSM";"FSM";"orchid";158960,43;0,000111650671569836;0;3,32920540440686e-05
"1. Full network";"Marshall Isds";"Oceania";"MHL";"MHL";"orchid";12773468,287;0,00367036802254216;0;4,05709876381646e-05
"1. Full network";"Palau";"Oceania";"PLW";"PLW";"orchid";172450,618;4,48738932541067e-05;0;3,35026141777748e-05
"1. Full network";"Pakistan";"Asia";"PAK";"PAK";"gold";64689464,399;0,0195587854734111;448;4,06145914299422e-05
"1. Full network";"Panama";"Americas";"PAN";"PAN";"palegreen3";44565783,142;0,011828505148214;0;4,05961444567392e-05
"1. Full network";"Papua New Guinea";"Oceania";"PNG";"PNG";"orchid";5475513,398;0,00406832677080529;0;4,03974969014671e-05
"1. Full network";"Paraguay";"Americas";"PRY";"PRY";"palegreen3";17493380,729;0,00514392956908124;0;4,05676673579409e-05
"1. Full network";"Peru";"Americas";"PER";"PER";"palegreen3";54482647,595;0,0371564512111981;0;4,06101734351804e-05
"1. Full network";"Philippines";"Asia";"PHL";"PHL";"gold";141852070,317;0,059306976251736;0;4,06241429284242e-05
"1. Full network";"Pitcairn";"Oceania";"PCN";"PCN";"orchid";4192,576;8,95324588957885e-07;0;6,82743632218689e-06
"1. Full network";"Poland";"Europe";"POL";"POL";"skyblue";402046988,37;0,119599017431889;1332;4,06292234948389e-05
"1. Full network";"Portugal";"Europe";"PRT";"PRT";"skyblue";115001165,293;0,0260769167870767;672;4,06176650075746e-05
"1. Full network";"Guinea-Bissau";"Africa";"GNB";"GNB";"tomato";529447,057;8,57846476578659e-05;0;3,7905100466686e-05
"1. Full network";"Timor-Leste";"Asia";"TLS";"TLS";"gold";1026357,874;0,000206190268526763;0;3,97143165818461e-05
"1. Full network";"Qatar";"Asia";"QAT";"QAT";"gold";37559793,691;0,0260024266212583;0;4,05631816596101e-05
"1. Full network";"Romania";"Europe";"ROU";"ROU";"skyblue";139110089,326;0,0300856059988272;671;4,06188634814626e-05
"1. Full network";"Russian Federation";"Europe";"RUS";"RUS";"skyblue";201060270,974;0,142124598558764;223;4,06302223721172e-05
"1. Full network";"Rwanda";"Africa";"RWA";"RWA";"tomato";2096648,514;0,000468120300746137;0;3,9925952287105e-05
"1. Full network";"Saint BarthÃ©lemy";"Americas";"BLM";"BLM";"palegreen3";236219,87;2,84985379196185e-05;0;3,90224911138125e-05
"1. Full network";"Saint Helena";"Africa";"SHN";"SHN";"tomato";53128,305;1,57212157546203e-05;0;2,86067102461077e-05
"1. Full network";"Saint Kitts and Nevis";"Americas";"KNA";"KNA";"palegreen3";291289,971;0,000112482032696604;0;3,82605674040737e-05
"1. Full network";"Anguilla";"Americas";"AIA";"AIA";"palegreen3";209070,365;4,13900168921129e-05;0;3,79679240736294e-05
"1. Full network";"Saint Lucia";"Americas";"LCA";"LCA";"palegreen3";1238498,987;0,000555974831500108;0;4,05234438987978e-05
"1. Full network";"Saint Pierre and Miquelon";"Americas";"SPM";"SPM";"palegreen3";72862,453;1,38708743627701e-05;0;3,2768041138247e-05
"1. Full network";"Saint Vincent and the Grenadines";"Americas";"VCT";"VCT";"palegreen3";357525,625;0,000111129780218755;0;3,80184914460975e-05
"1. Full network";"San Marino";"Europe";"SMR";"SMR";"skyblue";395995,492;8,12405226530814e-05;0;3,75152981067755e-05
"1. Full network";"Sao Tome and Principe";"Africa";"STP";"STP";"tomato";145474,691;2,03091736412829e-05;0;3,57229885278333e-05
"1. Full network";"Saudi Arabia";"Asia";"SAU";"SAU";"gold";223054892,423;0,107519459055668;1785;4,062717562387e-05
"1. Full network";"Senegal";"Africa";"SEN";"SEN";"tomato";16211533,033;0,00369100740956771;0;4,05311763891058e-05
"1. Full network";"Serbia";"Europe";"SRB";"SRB";"skyblue";42506715,123;0,00902954928952902;224;4,05617209953457e-05
"1. Full network";"Seychelles";"Africa";"SYC";"SYC";"tomato";1618018,606;0,000229440135132348;0;3,99435741744664e-05
"1. Full network";"Sierra Leone";"Africa";"SLE";"SLE";"tomato";2062251,236;0,00106225371019008;0;4,01820165268641e-05
"1. Full network";"India";"Asia";"IND";"IND";"gold";690997847,522;0,20450742218856;3337;4,06311643739223e-05
"1. Full network";"Singapore";"Asia";"SGP";"SGP";"gold";426223729,526;0,148923358532107;1558;4,06273557615846e-05
"1. Full network";"Slovakia";"Europe";"SVK";"SVK";"skyblue";113369738,425;0,0313935816215816;0;4,06132690412218e-05
"1. Full network";"Viet Nam";"Asia";"VNM";"VNM";"gold";376817888,973;0,265335866586578;0;4,06311496940789e-05
"1. Full network";"Slovenia";"Europe";"SVN";"SVN";"skyblue";71546976,612;0,016232153468922;0;4,06077691173613e-05
"1. Full network";"Somalia";"Africa";"SOM";"SOM";"tomato";3200447,944;0,000681956582421502;0;4,02580805704386e-05
"1. Full network";"South Africa";"Africa";"ZAF";"ZAF";"tomato";101099451,203;0,049644006057066;2219;4,06166522635026e-05
"1. Full network";"Zimbabwe";"Africa";"ZWE";"ZWE";"tomato";9725390,459;0,00231534453895942;0;4,05224408244563e-05
"1. Full network";"Spain";"Europe";"ESP";"ESP";"skyblue";458690716,973;0,124860010653187;2472;4,06275667156236e-05
"1. Full network";"South Sudan";"Africa";"SSD";"SSD";"tomato";1126170,633;0,00028692976874879;0;3,97655547225152e-05
"1. Full network";"Sudan";"Africa";"SDN";"SDN";"tomato";3694511,477;0,00104408700868181;0;4,01947822023162e-05
"1. Full network";"Suriname";"Americas";"SUR";"SUR";"palegreen3";1476521,212;0,000662631029519154;0;3,96357883698757e-05
"1. Full network";"Eswatini";"Africa";"SWZ";"SWZ";"tomato";1959142,733;0,000184479500896515;0;4,03992116435436e-05
"1. Full network";"Sweden";"Europe";"SWE";"SWE";"skyblue";180750190,035;0,0536258395999402;2;4,06205443378737e-05
"1. Full network";"Switzerland";"Europe";"CHE";"CHE";"skyblue";384804950,918;0,146838751702107;2006;4,06282325184145e-05
"1. Full network";"Syria";"Asia";"SYR";"SYR";"gold";3768353,083;0,000411068292965372;0;4,04597098509874e-05
"1. Full network";"Tajikistan";"Asia";"TJK";"TJK";"gold";6290336,316;0,00207463476424195;0;4,05327474850116e-05
"1. Full network";"Thailand";"Asia";"THA";"THA";"gold";291604616,203;0,149648308714808;1562;4,06294173060677e-05
"1. Full network";"Togo";"Africa";"TGO";"TGO";"tomato";11173900,244;0,0026528094053552;0;4,05228074792254e-05
"1. Full network";"Tokelau";"Oceania";"TKL";"TKL";"orchid";37195,089;5,38431927456712e-06;0;3,14181635081239e-05
"1. Full network";"Tonga";"Oceania";"TON";"TON";"orchid";300854,614;5,45958365731349e-05;0;3,61531028598717e-05
"1. Full network";"Trinidad and Tobago";"Americas";"TTO";"TTO";"palegreen3";6096513,329;0,00475606815302571;0;4,04972335780056e-05
"1. Full network";"United Arab Emirates";"Asia";"ARE";"ARE";"gold";308143386,084;0,112381899799201;1559;4,06283417914669e-05
"1. Full network";"Tunisia";"Africa";"TUN";"TUN";"tomato";26357289,165;0,00693965705480299;0;4,05199458251827e-05
"1. Full network";"TÃ¼rkiye";"Asia";"TUR";"TUR";"gold";314272492,647;0,0816458373368874;1708;4,06255275218761e-05
"1. Full network";"Turkmenistan";"Asia";"TKM";"TKM";"gold";3892070,445;0,00542360835331876;0;4,02896035128296e-05
"1. Full network";"Turks and Caicos Isds";"Americas";"TCA";"TCA";"palegreen3";573508,704;0,000248139512058762;0;4,00283190101442e-05
"1. Full network";"Tuvalu";"Oceania";"TUV";"TUV";"orchid";75587,107;1,88123814284799e-05;0;3,01033952530606e-05
"1. Full network";"Uganda";"Africa";"UGA";"UGA";"tomato";13758185,971;0,00265450760451359;447;4,04989782636044e-05
"1. Full network";"Ukraine";"Europe";"UKR";"UKR";"skyblue";71607077,306;0,0168344902476727;0;4,06041332621491e-05
"1. Full network";"North Macedonia";"Europe";"MKD";"MKD";"skyblue";12548294,256;0,00262679749075686;0;4,03536455575523e-05
"1. Full network";"Egypt";"Africa";"EGY";"EGY";"tomato";99202455,435;0,0221934405810788;0;4,06115544762718e-05
"1. Full network";"United Kingdom";"Europe";"GBR";"GBR";"skyblue";752952492,816;0,224334523902975;896;4,06307553101789e-05
"1. Full network";"United Rep. of Tanzania";"Africa";"TZA";"TZA";"tomato";20548454,829;0,00534692032550308;0;4,0573199508858e-05
"1. Full network";"USA";"Americas";"USA";"USA";"palegreen3";3132248905,513;1;20834;4,06345642620284e-05
"1. Full network";"Burkina Faso";"Africa";"BFA";"BFA";"tomato";6277811,923;0,00156304001568213;0;4,02705180216927e-05
"1. Full network";"Uruguay";"Americas";"URY";"URY";"palegreen3";13165895,811;0,00512947358870579;0;4,05091319809445e-05
"1. Full network";"Uzbekistan";"Asia";"UZB";"UZB";"gold";37816282,337;0,0100882862163795;0;4,06009873621066e-05
"1. Full network";"Venezuela";"Americas";"VEN";"VEN";"palegreen3";13657059,898;0,00966452480039079;0;4,05564821611674e-05
"1. Full network";"Wallis and Futuna Isds";"Oceania";"WLF";"WLF";"orchid";56161,897;4,45905987304035e-06;0;4,16496527727451e-05
"1. Full network";"Samoa";"Oceania";"WSM";"WSM";"orchid";549286,818;0,000110513630710842;0;3,77235357065651e-05
"1. Full network";"Yemen";"Asia";"YEM";"YEM";"gold";8796308,126;0,00178560684459336;0;4,04920488348048e-05
"1. Full network";"Zambia";"Africa";"ZMB";"ZMB";"tomato";11919854,89;0,00381353057294154;0;4,04995764054808e-05
"2. After node filter";"Afghanistan";"Asia";"AFG";"AFG";"gold";5722130,769;0,00100991877922098;0;0,000417134941460505
"2. After node filter";"Albania";"Europe";"ALB";"ALB";"skyblue";9714951,802;0,00171322338002829;0;0,000421807612160474
"2. After node filter";"Algeria";"Africa";"DZA";"DZA";"tomato";43621474,967;0,0149807063749573;0;0,000437539005033584
"2. After node filter";"American Samoa";"Oceania";"ASM";"ASM";"orchid";253973,205;2,27907520760255e-05;0;0,0002368149323584
"2. After node filter";"Andorra";"Europe";"AND";"AND";"skyblue";1870278,766;0,000175888882531304;0;0,000417378756027892
"2. After node filter";"Angola";"Africa";"AGO";"AGO";"tomato";14534464,129;0,013783965062203;0;0,000425836039546717
"2. After node filter";"Antigua and Barbuda";"Americas";"ATG";"ATG";"palegreen3";996406,517;0,000388644037028555;0;0,000375179971240173
"2. After node filter";"Azerbaijan";"Asia";"AZE";"AZE";"gold";24300833,592;0,00600860059374481;0;0,000430573265869688
"2. After node filter";"Argentina";"Americas";"ARG";"ARG";"palegreen3";59638702,568;0,02490506123013;0;0,000437531911278983
"2. After node filter";"Australia";"Oceania";"AUS";"AUS";"orchid";287221996,845;0,170342850746113;601;0,000440342407688285
"2. After node filter";"Austria";"Europe";"AUT";"AUT";"skyblue";208696105,542;0,0713868826438435;0;0,000440296294479039
"2. After node filter";"Bahamas";"Americas";"BHS";"BHS";"palegreen3";8107369,316;0,00388118611436055;0;0,000432542896470457
"2. After node filter";"Bahrain";"Asia";"BHR";"BHR";"gold";17052939,853;0,00472677870919161;0;0,00042506870379114
"2. After node filter";"Bangladesh";"Asia";"BGD";"BGD";"gold";63551755,812;0,0269900947781321;401;0,000439232353004932
"2. After node filter";"Armenia";"Asia";"ARM";"ARM";"gold";17355298,188;0,00365536057383709;201;0,000436417792284558
"2. After node filter";"Barbados";"Americas";"BRB";"BRB";"palegreen3";2358874,441;0,000683395303862836;201;0,000401139712582263
"2. After node filter";"Belgium";"Europe";"BEL";"BEL";"skyblue";437991184,999;0,12459460741013;201;0,000440222975333805
"2. After node filter";"Bermuda";"Americas";"BMU";"BMU";"palegreen3";3317195,371;0,000983624932867713;0;0,000422388532617748
"2. After node filter";"Bhutan";"Asia";"BTN";"BTN";"gold";1437781,993;0,000239795130459136;0;0,00040993177975115
"2. After node filter";"Bolivia (Plurinational State of)";"Americas";"BOL";"BOL";"palegreen3";9885336,592;0,00343966665059843;0;0,000423836834816974
"2. After node filter";"Bosnia Herzegovina";"Europe";"BIH";"BIH";"skyblue";16435702,442;0,00270284130846691;0;0,000420551280996547
"2. After node filter";"Botswana";"Africa";"BWA";"BWA";"tomato";6462216,117;0,00120091674490181;0;0,00043044680618674
"2. After node filter";"Brazil";"Americas";"BRA";"BRA";"palegreen3";275984295,27;0,157895652889413;801;0,00044031490538932
"2. After node filter";"Belize";"Americas";"BLZ";"BLZ";"palegreen3";1661398,515;0,000675634733819043;0;0,000391037134666429
"2. After node filter";"Solomon Isds";"Oceania";"SLB";"SLB";"orchid";554556,225;0,000348367758603866;0;0,0003089536953247
"2. After node filter";"Br. Virgin Isds";"Americas";"VGB";"VGB";"palegreen3";1017113,059;0,000342022040699098;0;0,00032558397362955
"2. After node filter";"Brunei Darussalam";"Asia";"BRN";"BRN";"gold";7952351,029;0,00322984854956962;0;0,000425420116462662
"2. After node filter";"Bulgaria";"Europe";"BGR";"BGR";"skyblue";53818083,794;0,0117429793496485;0;0,000434001103387227
"2. After node filter";"Myanmar";"Asia";"MMR";"MMR";"gold";20830654,356;0,00922680851047447;0;0,000435938599960193
"2. After node filter";"Burundi";"Africa";"BDI";"BDI";"tomato";483961,976;8,01401745127137e-05;0;0,000223420229855926
"2. After node filter";"Belarus";"Europe";"BLR";"BLR";"skyblue";16464717,896;0,00489642841553971;0;0,000435004075778455
"2. After node filter";"Cambodia";"Asia";"KHM";"KHM";"gold";37520713,44;0,0197619677485646;0;0,000438022532091911
"2. After node filter";"Cameroon";"Africa";"CMR";"CMR";"tomato";8230007,371;0,00345539037516055;201;0,000430472999914742
"2. After node filter";"Canada";"Americas";"CAN";"CAN";"palegreen3";533144195,377;0,45925184319515;201;0,000440824762196303
"2. After node filter";"Cabo Verde";"Africa";"CPV";"CPV";"tomato";997253,053;0,000114876235688432;0;0,000363853482565724
"2. After node filter";"Cayman Isds";"Americas";"CYM";"CYM";"palegreen3";6477185,385;0,0016014179634341;0;0,000424822180795849
"2. After node filter";"Central African Rep.";"Africa";"CAF";"CAF";"tomato";826519,693;0,000164211144432876;0;0,000304172035436359
"2. After node filter";"Sri Lanka";"Asia";"LKA";"LKA";"gold";19193542,342;0,00654420518516065;0;0,000432106429068845
"2. After node filter";"Chad";"Africa";"TCD";"TCD";"tomato";1158481,587;0,00108066111982762;0;0,000356162544578538
"2. After node filter";"Chile";"Americas";"CHL";"CHL";"palegreen3";82575134,693;0,0549520609497346;0;0,000438897201653632
"2. After node filter";"China";"Asia";"CHN";"CHN";"gold";2090249443,043;0,855534988193347;31147;0,000440856778102516
"2. After node filter";"Colombia";"Americas";"COL";"COL";"palegreen3";63050487,698;0,0323743859650684;0;0,000438683935476335
"2. After node filter";"Comoros";"Africa";"COM";"COM";"tomato";352663,102;7,0436246567651e-05;0;0,000232707862849961
"2. After node filter";"Congo";"Africa";"COG";"COG";"tomato";4393168,473;0,0034636202103108;0;0,000418375624708137
"2. After node filter";"Dem. Rep. of the Congo";"Africa";"COD";"COD";"tomato";11520867,171;0,0136071890516406;0;0,000431990894129702
"2. After node filter";"Cook Isds";"Oceania";"COK";"COK";"orchid";263436,341;2,85952201813872e-05;0;0,000230240962557992
"2. After node filter";"Costa Rica";"Americas";"CRI";"CRI";"palegreen3";23667466,582;0,014737234421002;0;0,000436486034257013
"2. After node filter";"Croatia";"Europe";"HRV";"HRV";"skyblue";46638553,697;0,00716500125779319;0;0,000434978708191125
"2. After node filter";"Cuba";"Americas";"CUB";"CUB";"palegreen3";3675210,027;0,0010298858652459;0;0,00039846816854115
"2. After node filter";"Cyprus";"Asia";"CYP";"CYP";"gold";15832352,027;0,00189501977798615;201;0,000425848823710839
"2. After node filter";"Czechia";"Europe";"CZE";"CZE";"skyblue";230164451,829;0,0751187763225815;0;0,000440062021602555
"2. After node filter";"Benin";"Africa";"BEN";"BEN";"tomato";4599653,969;0,000922286845986025;201;0,000400216695512504
"2. After node filter";"Denmark";"Europe";"DNK";"DNK";"skyblue";124874488,537;0,0383636221061507;402;0,000439245076093957
"2. After node filter";"Dominican Rep.";"Americas";"DOM";"DOM";"palegreen3";32690348,694;0,0165264101852883;0;0,000437977002468213
"2. After node filter";"Ecuador";"Americas";"ECU";"ECU";"palegreen3";28263837,37;0,0182442364452058;0;0,000435160657074405
"2. After node filter";"El Salvador";"Americas";"SLV";"SLV";"palegreen3";16373227,353;0,0059499998070818;0;0,000432348407799273
"2. After node filter";"Equatorial Guinea";"Africa";"GNQ";"GNQ";"tomato";1008644,468;0,00108246534270239;0;0,000289439228759114
"2. After node filter";"Ethiopia";"Africa";"ETH";"ETH";"tomato";7224165,284;0,00274618588483063;0;0,00042915571976534
"2. After node filter";"Eritrea";"Africa";"ERI";"ERI";"tomato";345682,974;0,000340765704188947;0;0,000283128958194665
"2. After node filter";"Estonia";"Europe";"EST";"EST";"skyblue";24364093,479;0,00476639166891307;0;0,000426213881103216
"2. After node filter";"Fiji";"Oceania";"FJI";"FJI";"orchid";3512248,382;0,00089184190186661;0;0,000394618727777329
"2. After node filter";"Finland";"Europe";"FIN";"FIN";"skyblue";77744319,282;0,0240255021613648;199;0,000437347928076584
"2. After node filter";"France";"Europe";"FRA";"FRA";"skyblue";745611788,898;0,219600633149457;1385;0,000440555515579243
"2. After node filter";"French Polynesia";"Oceania";"PYF";"PYF";"orchid";1798721,67;0,000339716119979555;0;0,000399458171226009
"2. After node filter";"Djibouti";"Africa";"DJI";"DJI";"tomato";6903459,756;0,00179077778957557;0;0,00043013219997992
"2. After node filter";"Gabon";"Africa";"GAB";"GAB";"tomato";2670723,791;0,00251551752182454;0;0,000392422852123667
"2. After node filter";"Georgia";"Asia";"GEO";"GEO";"gold";13150337,159;0,00205205827808662;0;0,000426446256984093
"2. After node filter";"Gambia";"Africa";"GMB";"GMB";"tomato";2037667,05;0,000399373712848085;201;0,000370563940405206
"2. After node filter";"State of Palestine";"Asia";"PSE";"PSE";"gold";2003475,586;0,00019004092789776;0;0,0004033293965002
"2. After node filter";"Germany";"Europe";"DEU";"DEU";"skyblue";1345354209,027;0,431472830327954;13454;0,000440825478728339
"2. After node filter";"Ghana";"Africa";"GHA";"GHA";"tomato";20266231,445;0,00867093197314833;0;0,000436952122869805
"2. After node filter";"Gibraltar";"Europe";"GIB";"GIB";"skyblue";9885280,575;0,000952740941506151;0;0,000429861254483815
"2. After node filter";"Greece";"Europe";"GRC";"GRC";"skyblue";90991776,912;0,0167037890710946;264;0,000436832523177495
"2. After node filter";"Greenland";"Americas";"GRL";"GRL";"palegreen3";991565,252;0,000302714204061393;0;0,000387252082440022
"2. After node filter";"Grenada";"Americas";"GRD";"GRD";"palegreen3";380370,642;0,00012280427606234;0;0,000277278625620472
"2. After node filter";"Guam";"Oceania";"GUM";"GUM";"orchid";851052,18;0,000114547836430178;0;0,000343803994826772
"2. After node filter";"Guatemala";"Americas";"GTM";"GTM";"palegreen3";32442768,798;0,013728423448728;0;0,000437021367055886
"2. After node filter";"Guinea";"Africa";"GIN";"GIN";"tomato";7724062,886;0,00606837129807809;0;0,000431112201462018
"2. After node filter";"Guyana";"Americas";"GUY";"GUY";"palegreen3";4025623,439;0,00598384322956613;0;0,000411139300432339
"2. After node filter";"Haiti";"Americas";"HTI";"HTI";"palegreen3";3403558,907;0,0013052003790008;0;0,000409040509920156
"2. After node filter";"Honduras";"Americas";"HND";"HND";"palegreen3";17535875,454;0,00851491748499083;0;0,000434705408256284
"2. After node filter";"China, Hong Kong SAR";"Asia";"HKG";"HKG";"gold";674005421,598999;0,221708381312828;201;0,000440728331231217
"2. After node filter";"Hungary";"Europe";"HUN";"HUN";"skyblue";150315391,861;0,0450885659620796;0;0,00043964529768086
"2. After node filter";"Iceland";"Europe";"ISL";"ISL";"skyblue";9986964,923;0,00288300149274573;0;0,000405939882643418
"2. After node filter";"Indonesia";"Asia";"IDN";"IDN";"gold";230641722,596;0,124555238261839;401;0,00044033041495713
"2. After node filter";"Iran";"Asia";"IRN";"IRN";"gold";22566874,583;0,00807673562143708;0;0,000436552085391658
"2. After node filter";"Iraq";"Asia";"IRQ";"IRQ";"gold";51536031,787;0,0404008411622126;0;0,000438453299884921
"2. After node filter";"Ireland";"Europe";"IRL";"IRL";"skyblue";130392018,703;0,0980993184520094;0;0,000439249281283531
"2. After node filter";"Israel";"Asia";"ISR";"ISR";"gold";85748702,79;0,0353057946296145;0;0,000437858278086774
"2. After node filter";"Italy";"Europe";"ITA";"ITA";"skyblue";584053631,116;0,183440987757915;2376;0,000440414091457274
"2. After node filter";"CÃ´te d'Ivoire";"Africa";"CIV";"CIV";"tomato";18563187,305;0,00599992981564499;200;0,000429289681710341
"2. After node filter";"Jamaica";"Americas";"JAM";"JAM";"palegreen3";6033973,58;0,00239876662141097;0;0,000426388776203648
"2. After node filter";"Japan";"Asia";"JPN";"JPN";"gold";714338287,852;0,355210567348645;402;0,000440636537029236
"2. After node filter";"Kazakhstan";"Asia";"KAZ";"KAZ";"gold";69996219,888;0,0291828334150068;0;0,000439109699856378
"2. After node filter";"Jordan";"Asia";"JOR";"JOR";"gold";20975408,414;0,00710062763279773;0;0,000432898385196066
"2. After node filter";"Kenya";"Africa";"KEN";"KEN";"tomato";24791807,486;0,00582136265082946;0;0,000434821411764692
"2. After node filter";"Dem. People's Rep. of Korea";"Asia";"PRK";"PRK";"gold";1827577,686;0,00102293244778023;0;0,00042077784764921
"2. After node filter";"Rep. of Korea";"Asia";"KOR";"KOR";"gold";614924811,167;0,33270286670386;402;0,000440575668463337
"2. After node filter";"Kuwait";"Asia";"KWT";"KWT";"gold";37471406,132;0,0202256641906704;0;0,000435330448710734
"2. After node filter";"Kyrgyzstan";"Asia";"KGZ";"KGZ";"gold";28771165,041;0,0112990159533573;0;0,000438696743643194
"2. After node filter";"Lao People's Dem. Rep.";"Asia";"LAO";"LAO";"gold";8742619,503;0,00498732386102905;0;0,000432645650014222
"2. After node filter";"Lebanon";"Asia";"LBN";"LBN";"gold";13479512,762;0,00234367506165043;0;0,000423616393528756
"2. After node filter";"Lesotho";"Africa";"LSO";"LSO";"tomato";1907036,569;0,000360591149424845;0;0,000414800760293239
"2. After node filter";"Latvia";"Europe";"LVA";"LVA";"skyblue";22678033,273;0,00349436168407841;0;0,000425629393195237
"2. After node filter";"Liberia";"Africa";"LBR";"LBR";"tomato";22920994,866;0,00813317961298154;0;0,000438091037427391
"2. After node filter";"Libya";"Africa";"LBY";"LBY";"tomato";20888236,056;0,00744729138150212;401;0,000430355437009939
"2. After node filter";"Lithuania";"Europe";"LTU";"LTU";"skyblue";43610135,381;0,00865033230085112;400;0,000433951319855165
"2. After node filter";"Luxembourg";"Europe";"LUX";"LUX";"skyblue";26968996,221;0,00650078133375994;0;0,000434884751858223
"2. After node filter";"China, Macao SAR";"Asia";"MAC";"MAC";"gold";11929908,688;0,00345357830000956;0;0,000431764065167206
"2. After node filter";"Madagascar";"Africa";"MDG";"MDG";"tomato";5093008,883;0,0016912553211193;0;0,000413695510165962
"2. After node filter";"Malawi";"Africa";"MWI";"MWI";"tomato";3239453,345;0,000521978606346472;0;0,000378724406958932
"2. After node filter";"Malaysia";"Asia";"MYS";"MYS";"gold";303373724,356;0,16972182115808;402;0,000440327792858459
"2. After node filter";"Maldives";"Asia";"MDV";"MDV";"gold";4314266,368;0,000756911552826919;0;0,000404191339657019
"2. After node filter";"Mali";"Africa";"MLI";"MLI";"tomato";6025053,08;0,000757602878406357;0;0,0004088818478829
"2. After node filter";"Malta";"Europe";"MLT";"MLT";"skyblue";15971610,492;0,0039964659619576;0;0,000429600774840154
"2. After node filter";"Mauritania";"Africa";"MRT";"MRT";"tomato";5412487,408;0,00190097497033134;0;0,000406683582016026
"2. After node filter";"Mauritius";"Africa";"MUS";"MUS";"tomato";6987977,251;0,00141018696088353;0;0,000413303911855797
"2. After node filter";"Mexico";"Americas";"MEX";"MEX";"palegreen3";563525034,167;0,528926881259459;0;0,00044082859307604
"2. After node filter";"Other Asia, nes";"Asia";NA;"Oth";"gold";349323316,645;0,229979265953404;201;0,000440330627193563
"2. After node filter";"Mongolia";"Asia";"MNG";"MNG";"gold";8372302,948;0,0094076961483391;0;0,000432359254807255
"2. After node filter";"Rep. of Moldova";"Europe";"MDA";"MDA";"skyblue";9629291,329;0,00148745118562011;0;0,000418162578999713
"2. After node filter";"Montenegro";"Europe";"MNE";"MNE";"skyblue";5408796,078;0,000630504519834485;0;0,000406810057422325
"2. After node filter";"Morocco";"Africa";"MAR";"MAR";"tomato";87546020,832;0,0220102209812044;0;0,000437529017008745
"2. After node filter";"Mozambique";"Africa";"MOZ";"MOZ";"tomato";16078913,723;0,00398404791676498;0;0,000433225318249617
"2. After node filter";"Oman";"Asia";"OMN";"OMN";"gold";24585560,193;0,0242357212262172;0;0,000434136066418555
"2. After node filter";"Namibia";"Africa";"NAM";"NAM";"tomato";9261259,425;0,00232928242601291;0;0,00042868646866703
"2. After node filter";"Nepal";"Asia";"NPL";"NPL";"gold";10294038,712;0,00217288477746071;0;0,000435269279465005
"2. After node filter";"Netherlands";"Europe";"NLD";"NLD";"skyblue";689959972,049;0,212154058659907;1052;0,000440580432454009
"2. After node filter";"CuraÃ§ao";"Americas";"CUW";"CUW";"palegreen3";1615263,009;0,000560636605131125;0;0,000395855074336907
"2. After node filter";"Aruba";"Americas";"ABW";"ABW";"palegreen3";1289048,211;0,000475614358101464;0;0,000391631767900777
"2. After node filter";"Saint Maarten";"Americas";"SXM";"SXM";"palegreen3";912848,913;0,00041805088523047;0;0,000444168613985934
"2. After node filter";"Bonaire";"Americas";"BES";"BES";"palegreen3";726051,68;0,000105425000580011;0;0,000355027527077456
"2. After node filter";"New Caledonia";"Oceania";"NCL";"NCL";"orchid";1709147,658;0,000677684540971808;0;0,000391028415655635
"2. After node filter";"Vanuatu";"Oceania";"VUT";"VUT";"orchid";528528,631;0,000160849107221336;0;0,000296471743032928
"2. After node filter";"New Zealand";"Oceania";"NZL";"NZL";"orchid";46831887,103;0,0223907589730187;201;0,000436940172634835
"2. After node filter";"Nicaragua";"Americas";"NIC";"NIC";"palegreen3";11394353,767;0,00561792050011262;0;0,000427727433793733
"2. After node filter";"Niger";"Africa";"NER";"NER";"tomato";1678455,827;0,000640143876701517;0;0,000347956199986386
"2. After node filter";"Nigeria";"Africa";"NGA";"NGA";"tomato";50981456,894;0,022417971095556;0;0,000438459500363115
"2. After node filter";"Norway";"Europe";"NOR";"NOR";"skyblue";100830903,371;0,0400117677117609;1;0,000437545221018593
"2. After node filter";"Marshall Isds";"Oceania";"MHL";"MHL";"orchid";12773468,287;0,00367036803304968;0;0,00043442724863579
"2. After node filter";"Pakistan";"Asia";"PAK";"PAK";"gold";64678631,58;0,0195587854102427;201;0,000438837090494131
"2. After node filter";"Panama";"Americas";"PAN";"PAN";"palegreen3";44565783,142;0,0118285051949704;0;0,00043698120443079
"2. After node filter";"Papua New Guinea";"Oceania";"PNG";"PNG";"orchid";5475513,398;0,00406832677832914;0;0,000417130046936472
"2. After node filter";"Paraguay";"Americas";"PRY";"PRY";"palegreen3";17491681,036;0,00514392954324392;0;0,000434005211850677
"2. After node filter";"Peru";"Americas";"PER";"PER";"palegreen3";54481104,8;0,0371564513344185;0;0,000438407676796674
"2. After node filter";"Philippines";"Asia";"PHL";"PHL";"gold";141818270,859;0,0593069744732987;0;0,000439874022658623
"2. After node filter";"Poland";"Europe";"POL";"POL";"skyblue";402034449,036;0,119599017934966;1194;0,000440413244861684
"2. After node filter";"Portugal";"Europe";"PRT";"PRT";"skyblue";114999064,719;0,0260769157721676;402;0,000439189315141152
"2. After node filter";"Guinea-Bissau";"Africa";"GNB";"GNB";"tomato";529447,057;8,57846479687285e-05;0;0,000259191779233669
"2. After node filter";"Timor-Leste";"Asia";"TLS";"TLS";"gold";1026357,874;0,000206190268346716;0;0,000359958681020839
"2. After node filter";"Qatar";"Asia";"QAT";"QAT";"gold";37559793,691;0,0260024266951867;0;0,000433540070029472
"2. After node filter";"Romania";"Europe";"ROU";"ROU";"skyblue";139110026,613;0,0300856061784483;602;0,000439325735709644
"2. After node filter";"Russian Federation";"Europe";"RUS";"RUS";"skyblue";201060270,974;0,142124598907153;200;0,000440513765422956
"2. After node filter";"Rwanda";"Africa";"RWA";"RWA";"tomato";2096648,514;0,00046812030177311;0;0,000376054016644947
"2. After node filter";"Saint Kitts and Nevis";"Americas";"KNA";"KNA";"palegreen3";291289,971;0,000112482033521979;0;0,000275318549021691
"2. After node filter";"Saint Lucia";"Americas";"LCA";"LCA";"palegreen3";1238498,987;0,00055597483609106;0;0,00043289815380714
"2. After node filter";"Saint Vincent and the Grenadines";"Americas";"VCT";"VCT";"palegreen3";357525,625;0,000111129780967196;0;0,000264698716989286
"2. After node filter";"San Marino";"Europe";"SMR";"SMR";"skyblue";395995,492;8,12405230894387e-05;0;0,000243851809799492
"2. After node filter";"Saudi Arabia";"Asia";"SAU";"SAU";"gold";223046038,252;0,107519459220821;1601;0,000440197569490113
"2. After node filter";"Senegal";"Africa";"SEN";"SEN";"tomato";16201404,231;0,00369100723461094;0;0,000430300214083886
"2. After node filter";"Serbia";"Europe";"SRB";"SRB";"skyblue";42505180,811;0,00902954929956759;201;0,000433396084279162
"2. After node filter";"Seychelles";"Africa";"SYC";"SYC";"tomato";1617984,597;0,000229440135021758;0;0,000377427263699156
"2. After node filter";"Sierra Leone";"Africa";"SLE";"SLE";"tomato";2062251,236;0,00106225371263317;0;0,000397386641845314
"2. After node filter";"India";"Asia";"IND";"IND";"gold";690997353,407;0,204507422942326;2987;0,000440621690937787
"2. After node filter";"Singapore";"Asia";"SGP";"SGP";"gold";426196480,831;0,148923357629175;201;0,000440195683535861
"2. After node filter";"Slovakia";"Europe";"SVK";"SVK";"skyblue";113367385,857;0,031393581830407;0;0,00043873307241133
"2. After node filter";"Viet Nam";"Asia";"VNM";"VNM";"gold";376817888,973;0,265335867725498;0;0,000440611706155261
"2. After node filter";"Slovenia";"Europe";"SVN";"SVN";"skyblue";71544957,234;0,0162321535243838;0;0,000438165733052334
"2. After node filter";"Somalia";"Africa";"SOM";"SOM";"tomato";3200447,944;0,000681956584868532;0;0,000404196945682183
"2. After node filter";"South Africa";"Africa";"ZAF";"ZAF";"tomato";101095561,685;0,0496440060415164;1989;0,00043909124510017
"2. After node filter";"Zimbabwe";"Africa";"ZWE";"ZWE";"tomato";9725131,549;0,00231534454464976;0;0,000429410290233305
"2. After node filter";"Spain";"Europe";"ESP";"ESP";"skyblue";458430466,117;0,124860000439607;1825;0,000440229837731751
"2. After node filter";"South Sudan";"Africa";"SSD";"SSD";"tomato";1126170,633;0,000286929769399634;0;0,000363643171062218
"2. After node filter";"Sudan";"Africa";"SDN";"SDN";"tomato";3694511,477;0,00104408701219025;0;0,000398517772699784
"2. After node filter";"Suriname";"Americas";"SUR";"SUR";"palegreen3";1476521,212;0,00066263103386478;0;0,000354060232520486
"2. After node filter";"Eswatini";"Africa";"SWZ";"SWZ";"tomato";1959142,733;0,000184479502181526;0;0,000417304586629636
"2. After node filter";"Sweden";"Europe";"SWE";"SWE";"skyblue";180749841,5;0,0536258399302476;2;0,000439499970715229
"2. After node filter";"Switzerland";"Europe";"CHE";"CHE";"skyblue";384799704,199;0,146838752152816;1799;0,000440313009458626
"2. After node filter";"Syria";"Asia";"SYR";"SYR";"gold";3768353,083;0,000411068294104305;0;0,000423202511567744
"2. After node filter";"Tajikistan";"Asia";"TJK";"TJK";"gold";6290336,316;0,00207463476842529;0;0,000430493062913685
"2. After node filter";"Thailand";"Asia";"THA";"THA";"gold";291110891,247;0,149648291096664;601;0,000440406376191972
"2. After node filter";"Togo";"Africa";"TGO";"TGO";"tomato";11173900,244;0,00265280941555784;0;0,000429458271322403
"2. After node filter";"Tonga";"Oceania";"TON";"TON";"orchid";300854,614;5,4595836633466e-05;0;0,000200274342467996
"2. After node filter";"Trinidad and Tobago";"Americas";"TTO";"TTO";"palegreen3";6096513,329;0,00475606818529265;0;0,000426869116630958
"2. After node filter";"United Arab Emirates";"Asia";"ARE";"ARE";"gold";308143386,084;0,112381900155052;1398;0,00044032260753195
"2. After node filter";"Tunisia";"Africa";"TUN";"TUN";"tomato";26357228,388;0,0069396570709845;0;0,000429142714399565
"2. After node filter";"TÃ¼rkiye";"Asia";"TUR";"TUR";"gold";314269690,346;0,0816458371298023;1530;0,000440024660394515
"2. After node filter";"Turkmenistan";"Asia";"TKM";"TKM";"gold";3892070,445;0,00542360836227885;0;0,000407026687530657
"2. After node filter";"Turks and Caicos Isds";"Americas";"TCA";"TCA";"palegreen3";573508,704;0,000248139514154914;0;0,000387112204793503
"2. After node filter";"Uganda";"Africa";"UGA";"UGA";"tomato";13757807,504;0,00265450761507467;401;0,000427082259199196
"2. After node filter";"Ukraine";"Europe";"UKR";"UKR";"skyblue";71603842,85;0,0168344902049407;0;0,000437781812459687
"2. After node filter";"North Macedonia";"Europe";"MKD";"MKD";"skyblue";12547947,854;0,0026267974954139;0;0,000412971406783711
"2. After node filter";"Egypt";"Africa";"EGY";"EGY";"tomato";99201953,09;0,0221934402020154;0;0,000438555136251678
"2. After node filter";"United Kingdom";"Europe";"GBR";"GBR";"skyblue";752940297,249;0,224334520093152;200;0,000440569732867804
"2. After node filter";"United Rep. of Tanzania";"Africa";"TZA";"TZA";"tomato";20548358,674;0,00534692034645342;0;0,000434577776846219
"2. After node filter";"USA";"Americas";"USA";"USA";"palegreen3";3132193979,981;1;15951;0,000440966668917774
"2. After node filter";"Burkina Faso";"Africa";"BFA";"BFA";"tomato";6277752,864;0,00156304002581356;0;0,000405280392971959
"2. After node filter";"Uruguay";"Americas";"URY";"URY";"palegreen3";13165871,367;0,00512947360960503;0;0,000428066282023324
"2. After node filter";"Uzbekistan";"Asia";"UZB";"UZB";"gold";37816280,767;0,0100882862510082;0;0,000437451251207534
"2. After node filter";"Venezuela";"Americas";"VEN";"VEN";"palegreen3";13657059,898;0,00966452485394492;0;0,000432856172683988
"2. After node filter";"Samoa";"Oceania";"WSM";"WSM";"orchid";549286,818;0,000110513630997017;0;0,000252505154858574
"2. After node filter";"Yemen";"Asia";"YEM";"YEM";"gold";8796308,126;0,00178560684839335;0;0,000426446706165902
"2. After node filter";"Zambia";"Africa";"ZMB";"ZMB";"tomato";11919309,373;0,0038135305871968;0;0,000427113192835112
"3. After edge filter";"Afghanistan";"Asia";"AFG";"AFG";"gold";5278882,316;0,000911607182334634;0;0,00395130268216994
"3. After edge filter";"Albania";"Europe";"ALB";"ALB";"skyblue";7088113,784;0,00143580822848479;0;0,00433633342533735
"3. After edge filter";"Algeria";"Africa";"DZA";"DZA";"tomato";41977793,688;0,0148232597175226;0;0,00630765926600205
"3. After edge filter";"Andorra";"Europe";"AND";"AND";"skyblue";1643105,676;0,000129139861034078;0;0,00364077538164166
"3. After edge filter";"Angola";"Africa";"AGO";"AGO";"tomato";12976331,261;0,0136910662726849;0;0,00472330691754896
"3. After edge filter";"Antigua and Barbuda";"Americas";"ATG";"ATG";"palegreen3";492628,418;0,000272621323741937;0;0,00202971334344487
"3. After edge filter";"Azerbaijan";"Asia";"AZE";"AZE";"gold";22185540,73;0,0058207961605451;0;0,00526778981938023
"3. After edge filter";"Argentina";"Americas";"ARG";"ARG";"palegreen3";57821189,399;0,024809591476833;0;0,00630707394587828
"3. After edge filter";"Australia";"Oceania";"AUS";"AUS";"orchid";284608884,509;0,170299840333615;361;0,00683761201437822
"3. After edge filter";"Austria";"Europe";"AUT";"AUT";"skyblue";206212001,716;0,0713257527047924;0;0,006829009764254
"3. After edge filter";"Bahamas";"Americas";"BHS";"BHS";"palegreen3";6739489,986;0,00374644720328277;0;0,00553195431923333
"3. After edge filter";"Bahrain";"Asia";"BHR";"BHR";"gold";15102117,243;0,00451261473791088;0;0,00464408210816853
"3. After edge filter";"Bangladesh";"Asia";"BGD";"BGD";"gold";61931350,75;0,0268769105861196;192;0,00661414756122128
"3. After edge filter";"Armenia";"Asia";"ARM";"ARM";"gold";15000262,716;0,0033424091936128;192;0,00611856103492035
"3. After edge filter";"Barbados";"Americas";"BRB";"BRB";"palegreen3";1279664,496;0,000456783673839481;0;0,00283739118485684
"3. After edge filter";"Belgium";"Europe";"BEL";"BEL";"skyblue";435718733,594;0,124568304392321;0;0,00681177577305889
"3. After edge filter";"Bermuda";"Americas";"BMU";"BMU";"palegreen3";2989019,839;0,000913775248540757;0;0,00440711568015674
"3. After edge filter";"Bhutan";"Asia";"BTN";"BTN";"gold";1173018,502;0,000182036620984117;0;0,00346636219234646
"3. After edge filter";"Bolivia (Plurinational State of)";"Americas";"BOL";"BOL";"palegreen3";8285225,443;0,00324445660526257;0;0,00452486802163346
"3. After edge filter";"Bosnia Herzegovina";"Europe";"BIH";"BIH";"skyblue";14835790,213;0,00249323229941951;0;0,00422780419987474
"3. After edge filter";"Botswana";"Africa";"BWA";"BWA";"tomato";5893042,167;0,00109291605466511;0;0,00525627860468869
"3. After edge filter";"Brazil";"Americas";"BRA";"BRA";"palegreen3";273519541,1;0,157867752550712;743;0,00683324177735841
"3. After edge filter";"Belize";"Americas";"BLZ";"BLZ";"palegreen3";1267367,042;0,00055608494961905;0;0,00251851610553945
"3. After edge filter";"Solomon Isds";"Oceania";"SLB";"SLB";"orchid";208044,56;0,000286311334755318;0;0,00103798172082409
"3. After edge filter";"Br. Virgin Isds";"Americas";"VGB";"VGB";"palegreen3";463282,467;0,00023896625929657;0;0,00118490133531666
"3. After edge filter";"Brunei Darussalam";"Asia";"BRN";"BRN";"gold";6877743,461;0,00309751572423783;0;0,0046818626340547
"3. After edge filter";"Bulgaria";"Europe";"BGR";"BGR";"skyblue";50696183,131;0,0115021319406449;0;0,00573666734193278
"3. After edge filter";"Myanmar";"Asia";"MMR";"MMR";"gold";19743439,697;0,00897362164086718;0;0,00603763707024814
"3. After edge filter";"Belarus";"Europe";"BLR";"BLR";"skyblue";14890705,952;0,00474627341055156;0;0,00589123816705459
"3. After edge filter";"Cambodia";"Asia";"KHM";"KHM";"gold";36069413,992;0,0196159847325669;0;0,00639367060080185
"3. After edge filter";"Cameroon";"Africa";"CMR";"CMR";"tomato";6328662,106;0,00330466337182205;171;0,00525763820492385
"3. After edge filter";"Canada";"Americas";"CAN";"CAN";"palegreen3";530692376,733;0,45925857085458;171;0,0069371615185285
"3. After edge filter";"Cabo Verde";"Africa";"CPV";"CPV";"tomato";410606,541;5,88940779244712e-06;0;0,00175371159766688
"3. After edge filter";"Cayman Isds";"Americas";"CYM";"CYM";"palegreen3";5881166,616;0,00146460222624405;0;0,00462080176078716
"3. After edge filter";"Central African Rep.";"Africa";"CAF";"CAF";"tomato";380139,839;8,28577690590726e-05;0;0,000975133671270818
"3. After edge filter";"Sri Lanka";"Asia";"LKA";"LKA";"gold";17444538,633;0,00632845182471054;0;0,00546973399128409
"3. After edge filter";"Chad";"Africa";"TCD";"TCD";"tomato";373789,136;0,000932559864262555;0;0,00166540233937834
"3. After edge filter";"Chile";"Americas";"CHL";"CHL";"palegreen3";80536058,886;0,0548665949629946;0;0,00655468981657922
"3. After edge filter";"China";"Asia";"CHN";"CHN";"gold";2088319402,364;0,855458685376634;25212;0,00694476742071284
"3. After edge filter";"Colombia";"Americas";"COL";"COL";"palegreen3";60458107,099;0,03224472359972;0;0,00651412999304802
"3. After edge filter";"Congo";"Africa";"COG";"COG";"tomato";2657745,5;0,00325914133190478;0;0,00404632591479503
"3. After edge filter";"Dem. Rep. of the Congo";"Africa";"COD";"COD";"tomato";10039823,624;0,0134588309881104;0;0,00545270754573431
"3. After edge filter";"Costa Rica";"Americas";"CRI";"CRI";"palegreen3";21929069,365;0,0145956875302776;0;0,00612653420724896
"3. After edge filter";"Croatia";"Europe";"HRV";"HRV";"skyblue";44723409,507;0,00695645723573014;0;0,0058871204014636
"3. After edge filter";"Cuba";"Americas";"CUB";"CUB";"palegreen3";2816239,217;0,000888792275930234;0;0,00287568534109622
"3. After edge filter";"Cyprus";"Asia";"CYP";"CYP";"gold";13174514,098;0,00159431113062094;192;0,00472939937026969
"3. After edge filter";"Czechia";"Europe";"CZE";"CZE";"skyblue";228317213,116;0,0750496954713139;0;0,00678157976930392
"3. After edge filter";"Benin";"Africa";"BEN";"BEN";"tomato";2905031,333;0,000740960540299634;0;0,00292840385930965
"3. After edge filter";"Denmark";"Europe";"DNK";"DNK";"skyblue";122562960,455;0,0382885357986743;362;0,00662208157400163
"3. After edge filter";"Dominican Rep.";"Americas";"DOM";"DOM";"palegreen3";30441956,611;0,0163150194638501;0;0,00638496477958653
"3. After edge filter";"Ecuador";"Americas";"ECU";"ECU";"palegreen3";26308475,937;0,0181192945950482;0;0,0059127804200688
"3. After edge filter";"El Salvador";"Americas";"SLV";"SLV";"palegreen3";14855579,82;0,0057627875684686;0;0,00550274365772582
"3. After edge filter";"Equatorial Guinea";"Africa";"GNQ";"GNQ";"tomato";326449,914;0,000873906021656099;0;0,000870795738538336
"3. After edge filter";"Ethiopia";"Africa";"ETH";"ETH";"tomato";5750014,836;0,00250331854278831;0;0,00510273664324591
"3. After edge filter";"Eritrea";"Africa";"ERI";"ERI";"tomato";159573,991;0,00028942516246781;0;0,000824146599893767
"3. After edge filter";"Estonia";"Europe";"EST";"EST";"skyblue";22391840,688;0,00449899796880683;0;0,00476678639887588
"3. After edge filter";"Fiji";"Oceania";"FJI";"FJI";"orchid";2644377,068;0,000734415782994536;0;0,0027131281982185
"3. After edge filter";"Finland";"Europe";"FIN";"FIN";"skyblue";75813925,111;0,0239540227190195;190;0,00627577369787568
"3. After edge filter";"France";"Europe";"FRA";"FRA";"skyblue";742341019,871;0,219571460282763;1068;0,00688088641984457
"3. After edge filter";"French Polynesia";"Oceania";"PYF";"PYF";"orchid";961677,617;0,000166426236491243;0;0,00281786101502059
"3. After edge filter";"Djibouti";"Africa";"DJI";"DJI";"tomato";5997245,133;0,00163224816496635;0;0,0049839743703711
"3. After edge filter";"Gabon";"Africa";"GAB";"GAB";"tomato";1469163,096;0,00234275745030131;0;0,00262510242505188
"3. After edge filter";"Georgia";"Asia";"GEO";"GEO";"gold";11512507,586;0,00188388930570258;0;0,00479232498752295
"3. After edge filter";"Gambia";"Africa";"GMB";"GMB";"tomato";873008,49;0,00022382134511497;0;0,00187266785621987
"3. After edge filter";"State of Palestine";"Asia";"PSE";"PSE";"gold";1410414,597;0,000114652810661418;0;0,00274741661664649
"3. After edge filter";"Germany";"Europe";"DEU";"DEU";"skyblue";1342608207,555;0,431421946270268;10808;0,00693823915485631
"3. After edge filter";"Ghana";"Africa";"GHA";"GHA";"tomato";18652421,325;0,00851774328513804;0;0,00620682248296291
"3. After edge filter";"Gibraltar";"Europe";"GIB";"GIB";"skyblue";9078554,499;0,0008560878062928;0;0,00480066207468433
"3. After edge filter";"Greece";"Europe";"GRC";"GRC";"skyblue";88615373,445;0,0165676238419899;55;0,0061758680111015
"3. After edge filter";"Greenland";"Americas";"GRL";"GRL";"palegreen3";835635,477;0,000212877053861535;0;0,00244169561502155
"3. After edge filter";"Grenada";"Americas";"GRD";"GRD";"palegreen3";143642,27;7,94918530109985e-05;0;0,000745743097940444
"3. After edge filter";"Guam";"Oceania";"GUM";"GUM";"orchid";473042,656;6,55311072364955e-05;0;0,00124376516233991
"3. After edge filter";"Guatemala";"Americas";"GTM";"GTM";"palegreen3";30760958,133;0,0134670517765731;0;0,00621760667553046
"3. After edge filter";"Guinea";"Africa";"GIN";"GIN";"tomato";6362900,97;0,00580290920995131;0;0,00533685641344454
"3. After edge filter";"Guyana";"Americas";"GUY";"GUY";"palegreen3";3108428,569;0,00588632579411242;0;0,00353634665520211
"3. After edge filter";"Haiti";"Americas";"HTI";"HTI";"palegreen3";2476353,264;0,00119968396575539;0;0,00341145670142039
"3. After edge filter";"Honduras";"Americas";"HND";"HND";"palegreen3";15841092,716;0,00827000581433709;0;0,00584276282895083
"3. After edge filter";"China, Hong Kong SAR";"Asia";"HKG";"HKG";"gold";670741366,749;0,221636828771241;192;0,00691833998923502
"3. After edge filter";"Hungary";"Europe";"HUN";"HUN";"skyblue";148557242,457;0,04498274499484;0;0,00669883769021833
"3. After edge filter";"Iceland";"Europe";"ISL";"ISL";"skyblue";7928581,455;0,00265320267653341;0;0,00323543706102418
"3. After edge filter";"Indonesia";"Asia";"IDN";"IDN";"gold";228041659,551;0,124521407517021;171;0,00683476703402345
"3. After edge filter";"Iran";"Asia";"IRN";"IRN";"gold";20988834,525;0,0078930105253827;0;0,00613899034838303
"3. After edge filter";"Iraq";"Asia";"IRQ";"IRQ";"gold";49729099,265;0,0403158595531375;0;0,00647113111304944
"3. After edge filter";"Ireland";"Europe";"IRL";"IRL";"skyblue";128198225,109;0,0980277456845052;0;0,00662106809522036
"3. After edge filter";"Israel";"Asia";"ISR";"ISR";"gold";83732047,607;0,0352299390166816;0;0,0063639732479529
"3. After edge filter";"Italy";"Europe";"ITA";"ITA";"skyblue";581309156,756;0,183406407360985;2017;0,00685303313866823
"3. After edge filter";"CÃ´te d'Ivoire";"Africa";"CIV";"CIV";"tomato";16227745,843;0,00582488420575698;169;0,00511003763649984
"3. After edge filter";"Jamaica";"Americas";"JAM";"JAM";"palegreen3";4350296,786;0,0021849015961031;0;0,00479079701276984
"3. After edge filter";"Japan";"Asia";"JPN";"JPN";"gold";710787480,181;0,355194106790855;0;0,00689798000241833
"3. After edge filter";"Kazakhstan";"Asia";"KAZ";"KAZ";"gold";67661916,662;0,0290428033786236;0;0,00659530612281812
"3. After edge filter";"Jordan";"Asia";"JOR";"JOR";"gold";18454994,336;0,00677130624611372;0;0,00557887560131461
"3. After edge filter";"Kenya";"Africa";"KEN";"KEN";"tomato";22425809,779;0,00558272882114386;0;0,00586702745789795
"3. After edge filter";"Dem. People's Rep. of Korea";"Asia";"PRK";"PRK";"gold";1816432,237;0,0010195147134242;0;0,00425228846961518
"3. After edge filter";"Rep. of Korea";"Asia";"KOR";"KOR";"gold";611629340,794;0,332688947795387;341;0,00688622893231955
"3. After edge filter";"Kuwait";"Asia";"KWT";"KWT";"gold";35489981,347;0,0201357861403539;0;0,00593977977936431
"3. After edge filter";"Kyrgyzstan";"Asia";"KGZ";"KGZ";"gold";26784435,111;0,0111094333992777;0;0,00651921260605741
"3. After edge filter";"Lao People's Dem. Rep.";"Asia";"LAO";"LAO";"gold";8114585,842;0,00478907295043891;0;0,00554267242124172
"3. After edge filter";"Lebanon";"Asia";"LBN";"LBN";"gold";12222196,538;0,00213763634488498;0;0,00451352589153728
"3. After edge filter";"Lesotho";"Africa";"LSO";"LSO";"tomato";1694375,644;0,00030774013225244;0;0,00378443649954868
"3. After edge filter";"Latvia";"Europe";"LVA";"LVA";"skyblue";21204627,41;0,00327328318973341;0;0,004706008693326
"3. After edge filter";"Liberia";"Africa";"LBR";"LBR";"tomato";22083050,413;0,00792153605944253;0;0,00641269760277719
"3. After edge filter";"Libya";"Africa";"LBY";"LBY";"tomato";19411714,229;0,00731660115180469;383;0,00524405465318843
"3. After edge filter";"Lithuania";"Europe";"LTU";"LTU";"skyblue";41455950,605;0,00843240352790879;360;0,0057327129565894
"3. After edge filter";"Luxembourg";"Europe";"LUX";"LUX";"skyblue";24847833,519;0,00625754449741586;0;0,0058709485667235
"3. After edge filter";"China, Macao SAR";"Asia";"MAC";"MAC";"gold";10565533,77;0,00322822579318034;0;0,00542510760914632
"3. After edge filter";"Madagascar";"Africa";"MDG";"MDG";"tomato";3745186,036;0,00136828923485425;0;0,00370621355557355
"3. After edge filter";"Malawi";"Africa";"MWI";"MWI";"tomato";2037971,711;0,000311584327005387;0;0,00213769349654125
"3. After edge filter";"Malaysia";"Asia";"MYS";"MYS";"gold";301049998,811;0,169693939731653;170;0,00683541311182483
"3. After edge filter";"Maldives";"Asia";"MDV";"MDV";"gold";3213215,028;0,000616780739840103;0;0,00304686452681452
"3. After edge filter";"Mali";"Africa";"MLI";"MLI";"tomato";4669522,089;0,000575052598002337;0;0,0034084756244518
"3. After edge filter";"Malta";"Europe";"MLT";"MLT";"skyblue";13730348,009;0,003781877382717;0;0,00515104084329271
"3. After edge filter";"Mauritania";"Africa";"MRT";"MRT";"tomato";3677990,44;0,00166265012561378;0;0,00327621672242867
"3. After edge filter";"Mauritius";"Africa";"MUS";"MUS";"tomato";4462503,899;0,00111320727106756;0;0,00368375118004678
"3. After edge filter";"Mexico";"Americas";"MEX";"MEX";"palegreen3";561913758,59;0,528942145122774;0;0,00693796118221247
"3. After edge filter";"Other Asia, nes";"Asia";NA;"Oth";"gold";346756072,637;0,229952992718765;0;0,00683499560519512
"3. After edge filter";"Mongolia";"Asia";"MNG";"MNG";"gold";7046431,553;0,009277416160443;0;0,00550292803014668
"3. After edge filter";"Rep. of Moldova";"Europe";"MDA";"MDA";"skyblue";7670560,95;0,00116359881193786;0;0,00403002782732656
"3. After edge filter";"Montenegro";"Europe";"MNE";"MNE";"skyblue";3789208,376;0,000434166640515411;0;0,00328746906890267
"3. After edge filter";"Morocco";"Africa";"MAR";"MAR";"tomato";85115108,211;0,0219019975507522;0;0,00630365164024959
"3. After edge filter";"Mozambique";"Africa";"MOZ";"MOZ";"tomato";14101039,387;0,00376617156790102;0;0,00562732428426698
"3. After edge filter";"Oman";"Asia";"OMN";"OMN";"gold";23215842,682;0,0240906467069171;0;0,0057565766784815
"3. After edge filter";"Namibia";"Africa";"NAM";"NAM";"tomato";7221132,271;0,00209970084743223;0;0,00504101122690446
"3. After edge filter";"Nepal";"Asia";"NPL";"NPL";"gold";9350644,155;0,00192627326696351;0;0,00593638338600223
"3. After edge filter";"Netherlands";"Europe";"NLD";"NLD";"skyblue";687774087,258;0,212128737493771;784;0,0068858564044362
"3. After edge filter";"CuraÃ§ao";"Americas";"CUW";"CUW";"palegreen3";1110745,986;0,000465879028181913;0;0,00276530194480491
"3. After edge filter";"Aruba";"Americas";"ABW";"ABW";"palegreen3";849214,414;0,000397635665144517;0;0,00253013073911276
"3. After edge filter";"Saint Maarten";"Americas";"SXM";"SXM";"palegreen3";713275,633;0,000394727831680486;0;0,00259960219204247
"3. After edge filter";"Bonaire";"Americas";"BES";"BES";"palegreen3";486995,129;7,2742980083706e-05;0;0,00128417881816291
"3. After edge filter";"New Caledonia";"Oceania";"NCL";"NCL";"orchid";1212174,523;0,000512039358249157;0;0,00257406105817715
"3. After edge filter";"Vanuatu";"Oceania";"VUT";"VUT";"orchid";182064,08;0,000103519674809792;0;0,000927285183622831
"3. After edge filter";"New Zealand";"Oceania";"NZL";"NZL";"orchid";44999855,014;0,022287411623287;0;0,00620379976696037
"3. After edge filter";"Nicaragua";"Americas";"NIC";"NIC";"palegreen3";9923985,843;0,00537986119175951;0;0,00492821946609606
"3. After edge filter";"Niger";"Africa";"NER";"NER";"tomato";689073,623;0,000506556394980294;0;0,00152342879189644
"3. After edge filter";"Nigeria";"Africa";"NGA";"NGA";"tomato";48426908,735;0,0222814102382465;0;0,0064739521205258
"3. After edge filter";"Norway";"Europe";"NOR";"NOR";"skyblue";98298290,807;0,0399306769838693;1;0,00630889603358893
"3. After edge filter";"Marshall Isds";"Oceania";"MHL";"MHL";"orchid";11944717,664;0,00353878081181723;0;0,00582323261152516
"3. After edge filter";"Pakistan";"Asia";"PAK";"PAK";"gold";62473797,351;0,0194477978432787;0;0,00653598921032472
"3. After edge filter";"Panama";"Americas";"PAN";"PAN";"palegreen3";42809496,12;0,0115844997457528;0;0,00622244621955888
"3. After edge filter";"Papua New Guinea";"Oceania";"PNG";"PNG";"orchid";4954553,406;0,00389973846453197;0;0,00394974823298002
"3. After edge filter";"Paraguay";"Americas";"PRY";"PRY";"palegreen3";15381776,878;0,00485323423642023;0;0,0057384764591547
"3. After edge filter";"Peru";"Americas";"PER";"PER";"palegreen3";52073996,403;0,0370202200860576;0;0,00646354390286666
"3. After edge filter";"Philippines";"Asia";"PHL";"PHL";"gold";139727904,497;0,0592429738338882;0;0,00674425244366952
"3. After edge filter";"Poland";"Europe";"POL";"POL";"skyblue";399475766,125;0,11955863676344;906;0,00685246154308907
"3. After edge filter";"Portugal";"Europe";"PRT";"PRT";"skyblue";111996467,919;0,0259182337365249;171;0,00660817517475064
"3. After edge filter";"Guinea-Bissau";"Africa";"GNB";"GNB";"tomato";0;2,25502050153321e-05;0;NA
"3. After edge filter";"Timor-Leste";"Asia";"TLS";"TLS";"gold";651989,921;0,000152332247138222;0;0,00169100621512917
"3. After edge filter";"Qatar";"Asia";"QAT";"QAT";"gold";35125907,048;0,0259046648928502;0;0,00566918587835859
"3. After edge filter";"Romania";"Europe";"ROU";"ROU";"skyblue";137101659,72;0,0299533100835638;362;0,00663407933996106
"3. After edge filter";"Russian Federation";"Europe";"RUS";"RUS";"skyblue";199526898,584;0,142042352278679;169;0,00687345152302068
"3. After edge filter";"Rwanda";"Africa";"RWA";"RWA";"tomato";1256338,215;0,000318150342869014;0;0,00211009771954446
"3. After edge filter";"Saint Kitts and Nevis";"Americas";"KNA";"KNA";"palegreen3";141478,24;7,8294275482661e-05;0;0,000735694614022052
"3. After edge filter";"Saint Lucia";"Americas";"LCA";"LCA";"palegreen3";912135,816;0,000504777362621318;0;0,0030111250752492
"3. After edge filter";"Saudi Arabia";"Asia";"SAU";"SAU";"gold";220645793,208;0,107449019180048;934;0,00680574363868917
"3. After edge filter";"Senegal";"Africa";"SEN";"SEN";"tomato";14089130,831;0,00349355328364588;0;0,00523755813741156
"3. After edge filter";"Serbia";"Europe";"SRB";"SRB";"skyblue";40426288,074;0,00880828635484078;170;0,00564914457435313
"3. After edge filter";"Seychelles";"Africa";"SYC";"SYC";"tomato";528722,115;5,01538792904665e-05;0;0,00214544718157043
"3. After edge filter";"Sierra Leone";"Africa";"SLE";"SLE";"tomato";1152014,625;0,000890286829786297;0;0,00282579005062303
"3. After edge filter";"India";"Asia";"IND";"IND";"gold";688381978,147;0,204481347299331;2392;0,00689632818625421
"3. After edge filter";"Singapore";"Asia";"SGP";"SGP";"gold";423312086,149;0,148876302372797;170;0,00680832505204423
"3. After edge filter";"Slovakia";"Europe";"SVK";"SVK";"skyblue";111150429,391;0,0312902875956311;0;0,00652405210708209
"3. After edge filter";"Viet Nam";"Asia";"VNM";"VNM";"gold";374952124,077;0,265316926893092;0;0,00689371321049787
"3. After edge filter";"Slovenia";"Europe";"SVN";"SVN";"skyblue";69509280,641;0,0160440190331965;0;0,00642140892016263
"3. After edge filter";"Somalia";"Africa";"SOM";"SOM";"tomato";2282019,668;0,000599853199644276;0;0,00314749142014366
"3. After edge filter";"South Africa";"Africa";"ZAF";"ZAF";"tomato";98930498,945;0,0495863143059329;1745;0,0065932234656006
"3. After edge filter";"Zimbabwe";"Africa";"ZWE";"ZWE";"tomato";8279856,283;0,00203103269373372;0;0,00512642568161596
"3. After edge filter";"Spain";"Europe";"ESP";"ESP";"skyblue";455509588,477;0,124829000725;1071;0,00681292770642526
"3. After edge filter";"South Sudan";"Africa";"SSD";"SSD";"tomato";876060,434;0,000235020242255891;0;0,0018154586734525
"3. After edge filter";"Sudan";"Africa";"SDN";"SDN";"tomato";3035638,827;0,000932577182430652;0;0,00287548824793829
"3. After edge filter";"Suriname";"Americas";"SUR";"SUR";"palegreen3";957975,698;0,000504319040048689;0;0,00162706397273317
"3. After edge filter";"Eswatini";"Africa";"SWZ";"SWZ";"tomato";1689392,802;8,73593466534846e-05;0;0,00396477172662348
"3. After edge filter";"Sweden";"Europe";"SWE";"SWE";"skyblue";178790837,869;0,0535828165535208;2;0,00667106968775774
"3. After edge filter";"Switzerland";"Europe";"CHE";"CHE";"skyblue";382738978,098;0,146811469274211;1696;0,00683453116081118
"3. After edge filter";"Syria";"Asia";"SYR";"SYR";"gold";3043459,386;0,000324852721562034;0;0,00446866333973004
"3. After edge filter";"Tajikistan";"Asia";"TJK";"TJK";"gold";5817407,668;0,00196786417675101;0;0,0052694427845528
"3. After edge filter";"Thailand";"Asia";"THA";"THA";"gold";288481771,167;0,149621662490332;361;0,00685036614247113
"3. After edge filter";"Togo";"Africa";"TGO";"TGO";"tomato";9857119,154;0,00246509050345126;0;0,00513458315343327
"3. After edge filter";"Trinidad and Tobago";"Americas";"TTO";"TTO";"palegreen3";4438182,327;0,00452027856502548;0;0,00483351482468617
"3. After edge filter";"United Arab Emirates";"Asia";"ARE";"ARE";"gold";306618033,152;0,112345987218916;1313;0,00683619887215111
"3. After edge filter";"Tunisia";"Africa";"TUN";"TUN";"tomato";24044637,28;0,00669914326187805;0;0,00509165635977767
"3. After edge filter";"TÃ¼rkiye";"Asia";"TUR";"TUR";"gold";312267184,394;0,0816136118092354;1170;0,00677233556947606
"3. After edge filter";"Turkmenistan";"Asia";"TKM";"TKM";"gold";2717044,201;0,0052479339787775;0;0,00329373300818321
"3. After edge filter";"Turks and Caicos Isds";"Americas";"TCA";"TCA";"palegreen3";401836,65;0,000222377019774416;0;0,00174957574113364
"3. After edge filter";"Uganda";"Africa";"UGA";"UGA";"tomato";12148018,963;0,00243160150231924;361;0,00486376685434748
"3. After edge filter";"Ukraine";"Europe";"UKR";"UKR";"skyblue";69178874,23;0,0167011212983726;0;0,00635110048493574
"3. After edge filter";"North Macedonia";"Europe";"MKD";"MKD";"skyblue";10574160,886;0,00238870969337464;0;0,00365415177205572
"3. After edge filter";"Egypt";"Africa";"EGY";"EGY";"tomato";96802474,481;0,0220612707939885;0;0,0064917423525407
"3. After edge filter";"United Kingdom";"Europe";"GBR";"GBR";"skyblue";750428362,999;0,224313834082774;170;0,00688473625750992
"3. After edge filter";"United Rep. of Tanzania";"Africa";"TZA";"TZA";"tomato";18582351,564;0,0050952074021399;0;0,00582529802104993
"3. After edge filter";"USA";"Americas";"USA";"USA";"palegreen3";3129791542,85;1;12545;0,00696701087281356
"3. After edge filter";"Burkina Faso";"Africa";"BFA";"BFA";"tomato";4128648,322;0,00134615211512131;0;0,00319974300028903
"3. After edge filter";"Uruguay";"Americas";"URY";"URY";"palegreen3";10856445,367;0,00485944068661887;0;0,0049675453120386
"3. After edge filter";"Uzbekistan";"Asia";"UZB";"UZB";"gold";35872547,082;0,00994341393823668;0;0,00629273447116773
"3. After edge filter";"Venezuela";"Americas";"VEN";"VEN";"palegreen3";12382722,129;0,00948980925213753;0;0,00557228638264541
"3. After edge filter";"Yemen";"Asia";"YEM";"YEM";"gold";7188982,113;0,00157200857382821;0;0,00480539080120517
"3. After edge filter";"Zambia";"Africa";"ZMB";"ZMB";"tomato";10225702,102;0,00362994762043869;0;0,00486155891863333
"4. Backbone (disparity)";"Afghanistan";"Asia";"AFG";"AFG";"gold";4839555,97;0,000884350072400252;0;0,000417134941460505
"4. Backbone (disparity)";"Albania";"Europe";"ALB";"ALB";"skyblue";6309888,138;0,00130745268148946;0;0,000421807612160474
"4. Backbone (disparity)";"Algeria";"Africa";"DZA";"DZA";"tomato";29102939,951;0,0122717534340077;0;0,000437539005033584
"4. Backbone (disparity)";"American Samoa";"Oceania";"ASM";"ASM";"orchid";190397,78;1,47726748871781e-05;0;0,0002368149323584
"4. Backbone (disparity)";"Andorra";"Europe";"AND";"AND";"skyblue";1643105,676;0,000124598929868074;0;0,000417378756027892
"4. Backbone (disparity)";"Angola";"Africa";"AGO";"AGO";"tomato";11692982,694;0,0129948076708492;0;0,000425836039546717
"4. Backbone (disparity)";"Antigua and Barbuda";"Americas";"ATG";"ATG";"palegreen3";702989,145;0,000361789991955577;0;0,000375179971240173
"4. Backbone (disparity)";"Azerbaijan";"Asia";"AZE";"AZE";"gold";18699862,277;0,00517147655969178;0;0,000430573265869688
"4. Backbone (disparity)";"Argentina";"Americas";"ARG";"ARG";"palegreen3";45832020,756;0,0217656083625445;0;0,000437531911278983
"4. Backbone (disparity)";"Australia";"Oceania";"AUS";"AUS";"orchid";246570079,401;0,165419974180836;601;0,000440342407688285
"4. Backbone (disparity)";"Austria";"Europe";"AUT";"AUT";"skyblue";178137581,886;0,0652887694254858;0;0,000440296294479039
"4. Backbone (disparity)";"Bahamas";"Americas";"BHS";"BHS";"palegreen3";6419967,464;0,00376799394100282;0;0,000432542896470457
"4. Backbone (disparity)";"Bahrain";"Asia";"BHR";"BHR";"gold";12776328,883;0,00392751912521951;0;0,00042506870379114
"4. Backbone (disparity)";"Bangladesh";"Asia";"BGD";"BGD";"gold";48861061,087;0,0239861619558543;401;0,000439232353004932
"4. Backbone (disparity)";"Armenia";"Asia";"ARM";"ARM";"gold";13924910,61;0,00303053119505691;201;0,000436417792284558
"4. Backbone (disparity)";"Barbados";"Americas";"BRB";"BRB";"palegreen3";1772909,616;0,000641934076323601;201;0,000401139712582263
"4. Backbone (disparity)";"Belgium";"Europe";"BEL";"BEL";"skyblue";385303222,378;0,112896138842029;201;0,000440222975333805
"4. Backbone (disparity)";"Bermuda";"Americas";"BMU";"BMU";"palegreen3";3076807,783;0,000962939652820212;0;0,000422388532617748
"4. Backbone (disparity)";"Bhutan";"Asia";"BTN";"BTN";"gold";1287710,043;0,000182346214701288;0;0,00040993177975115
"4. Backbone (disparity)";"Bolivia (Plurinational State of)";"Americas";"BOL";"BOL";"palegreen3";7798355,379;0,00315486699627028;0;0,000423836834816974
"4. Backbone (disparity)";"Bosnia Herzegovina";"Europe";"BIH";"BIH";"skyblue";12751949,232;0,00220698629019024;0;0,000420551280996547
"4. Backbone (disparity)";"Botswana";"Africa";"BWA";"BWA";"tomato";5303061,65;0,000905808697713236;0;0,00043044680618674
"4. Backbone (disparity)";"Brazil";"Americas";"BRA";"BRA";"palegreen3";217491739,346;0,150475111658774;801;0,00044031490538932
"4. Backbone (disparity)";"Belize";"Americas";"BLZ";"BLZ";"palegreen3";1272261,54;0,000647346936010917;0;0,000391037134666429
"4. Backbone (disparity)";"Solomon Isds";"Oceania";"SLB";"SLB";"orchid";382703,527;0,000321326563742904;0;0,0003089536953247
"4. Backbone (disparity)";"Br. Virgin Isds";"Americas";"VGB";"VGB";"palegreen3";826237,014;0,000333798729298269;0;0,00032558397362955
"4. Backbone (disparity)";"Brunei Darussalam";"Asia";"BRN";"BRN";"gold";6707547,619;0,00288296488599244;0;0,000425420116462662
"4. Backbone (disparity)";"Bulgaria";"Europe";"BGR";"BGR";"skyblue";37809464,066;0,0100920842516098;0;0,000434001103387227
"4. Backbone (disparity)";"Myanmar";"Asia";"MMR";"MMR";"gold";18290804,175;0,00858229777974057;0;0,000435938599960193
"4. Backbone (disparity)";"Burundi";"Africa";"BDI";"BDI";"tomato";348029,056;6,39719313651467e-05;0;0,000223420229855926
"4. Backbone (disparity)";"Belarus";"Europe";"BLR";"BLR";"skyblue";13177451,58;0,00464572401629128;0;0,000435004075778455
"4. Backbone (disparity)";"Cambodia";"Asia";"KHM";"KHM";"gold";32447842,07;0,0186710864642264;0;0,000438022532091911
"4. Backbone (disparity)";"Cameroon";"Africa";"CMR";"CMR";"tomato";5452080,199;0,00308213325502578;201;0,000430472999914742
"4. Backbone (disparity)";"Canada";"Americas";"CAN";"CAN";"palegreen3";453444199,365;0,452596712503692;201;0,000440824762196303
"4. Backbone (disparity)";"Cabo Verde";"Africa";"CPV";"CPV";"tomato";813235,186;9,26928150974611e-05;0;0,000363853482565724
"4. Backbone (disparity)";"Cayman Isds";"Americas";"CYM";"CYM";"palegreen3";5728190,627;0,00143090057756097;0;0,000424822180795849
"4. Backbone (disparity)";"Central African Rep.";"Africa";"CAF";"CAF";"tomato";573501,591;0,000146415220359432;0;0,000304172035436359
"4. Backbone (disparity)";"Sri Lanka";"Asia";"LKA";"LKA";"gold";14922371,489;0,0058915734191062;0;0,000432106429068845
"4. Backbone (disparity)";"Chad";"Africa";"TCD";"TCD";"tomato";845596,364;0,000988179185656248;0;0,000356162544578538
"4. Backbone (disparity)";"Chile";"Americas";"CHL";"CHL";"palegreen3";70260409,544;0,0530455868669272;0;0,000438897201653632
"4. Backbone (disparity)";"China";"Asia";"CHN";"CHN";"gold";2074707595,901;0,852188980579755;31147;0,000440856778102516
"4. Backbone (disparity)";"Colombia";"Americas";"COL";"COL";"palegreen3";47844078,524;0,0307618161970661;0;0,000438683935476335
"4. Backbone (disparity)";"Comoros";"Africa";"COM";"COM";"tomato";239191,917;5,80891301833616e-05;0;0,000232707862849961
"4. Backbone (disparity)";"Congo";"Africa";"COG";"COG";"tomato";2657745,5;0,00324582470574499;0;0,000418375624708137
"4. Backbone (disparity)";"Dem. Rep. of the Congo";"Africa";"COD";"COD";"tomato";8683207,351;0,0125730028731788;0;0,000431990894129702
"4. Backbone (disparity)";"Cook Isds";"Oceania";"COK";"COK";"orchid";232712,098;2,26382029945734e-05;0;0,000230240962557992
"4. Backbone (disparity)";"Costa Rica";"Americas";"CRI";"CRI";"palegreen3";18349601,632;0,0138438680176102;0;0,000436486034257013
"4. Backbone (disparity)";"Croatia";"Europe";"HRV";"HRV";"skyblue";38590568,078;0,006391366250589;0;0,000434978708191125
"4. Backbone (disparity)";"Cuba";"Americas";"CUB";"CUB";"palegreen3";2939298,001;0,000936710644703259;0;0,00039846816854115
"4. Backbone (disparity)";"Cyprus";"Asia";"CYP";"CYP";"gold";12363059,19;0,00158270688137544;201;0,000425848823710839
"4. Backbone (disparity)";"Czechia";"Europe";"CZE";"CZE";"skyblue";191761523,113;0,0692935841169933;0;0,000440062021602555
"4. Backbone (disparity)";"Benin";"Africa";"BEN";"BEN";"tomato";3265590,093;0,000799428085370806;201;0,000400216695512504
"4. Backbone (disparity)";"Denmark";"Europe";"DNK";"DNK";"skyblue";106731467,642;0,0349727523223912;402;0,000439245076093957
"4. Backbone (disparity)";"Dominican Rep.";"Americas";"DOM";"DOM";"palegreen3";25353195,62;0,0158840167531065;0;0,000437977002468213
"4. Backbone (disparity)";"Ecuador";"Americas";"ECU";"ECU";"palegreen3";23740242,185;0,017487285389162;0;0,000435160657074405
"4. Backbone (disparity)";"El Salvador";"Americas";"SLV";"SLV";"palegreen3";12389379,227;0,00554931618973325;0;0,000432348407799273
"4. Backbone (disparity)";"Equatorial Guinea";"Africa";"GNQ";"GNQ";"tomato";661013,844;0,000763855634945221;0;0,000289439228759114
"4. Backbone (disparity)";"Ethiopia";"Africa";"ETH";"ETH";"tomato";5098578,876;0,00252236913441249;0;0,00042915571976534
"4. Backbone (disparity)";"Eritrea";"Africa";"ERI";"ERI";"tomato";261502,55;0,000336259276627817;0;0,000283128958194665
"4. Backbone (disparity)";"Estonia";"Europe";"EST";"EST";"skyblue";19120171,823;0,00391726739857459;0;0,000426213881103216
"4. Backbone (disparity)";"Fiji";"Oceania";"FJI";"FJI";"orchid";3037819,85;0,000829168798562278;0;0,000394618727777329
"4. Backbone (disparity)";"Finland";"Europe";"FIN";"FIN";"skyblue";61632307,2;0,0213732971332197;199;0,000437347928076584
"4. Backbone (disparity)";"France";"Europe";"FRA";"FRA";"skyblue";669935670,307;0,200953679744957;1385;0,000440555515579243
"4. Backbone (disparity)";"French Polynesia";"Oceania";"PYF";"PYF";"orchid";1203372,295;0,000268967378211938;0;0,000399458171226009
"4. Backbone (disparity)";"Djibouti";"Africa";"DJI";"DJI";"tomato";5824018,822;0,00165358598399684;0;0,00043013219997992
"4. Backbone (disparity)";"Gabon";"Africa";"GAB";"GAB";"tomato";1767732,506;0,00225909758579625;0;0,000392422852123667
"4. Backbone (disparity)";"Georgia";"Asia";"GEO";"GEO";"gold";7430642,495;0,00165238662443542;0;0,000426446256984093
"4. Backbone (disparity)";"Gambia";"Africa";"GMB";"GMB";"tomato";1424159,549;0,000362160056340126;201;0,000370563940405206
"4. Backbone (disparity)";"State of Palestine";"Asia";"PSE";"PSE";"gold";1516013,483;0,000145797888317521;0;0,0004033293965002
"4. Backbone (disparity)";"Germany";"Europe";"DEU";"DEU";"skyblue";1292179653,569;0,418541434668942;13454;0,000440825478728339
"4. Backbone (disparity)";"Ghana";"Africa";"GHA";"GHA";"tomato";13862882,835;0,00794039078517299;0;0,000436952122869805
"4. Backbone (disparity)";"Gibraltar";"Europe";"GIB";"GIB";"skyblue";6798976,49;0,000427530506147611;0;0,000429861254483815
"4. Backbone (disparity)";"Greece";"Europe";"GRC";"GRC";"skyblue";71036386,995;0,014362533050919;264;0,000436832523177495
"4. Backbone (disparity)";"Greenland";"Americas";"GRL";"GRL";"palegreen3";835635,477;0,000239160538845194;0;0,000387252082440022
"4. Backbone (disparity)";"Grenada";"Americas";"GRD";"GRD";"palegreen3";296379,711;0,000115726028544853;0;0,000277278625620472
"4. Backbone (disparity)";"Guam";"Oceania";"GUM";"GUM";"orchid";629117,573;9,08346116997548e-05;0;0,000343803994826772
"4. Backbone (disparity)";"Guatemala";"Americas";"GTM";"GTM";"palegreen3";25274054,627;0,0130988390429582;0;0,000437021367055886
"4. Backbone (disparity)";"Guinea";"Africa";"GIN";"GIN";"tomato";4931025,612;0,00573077958373824;0;0,000431112201462018
"4. Backbone (disparity)";"Guyana";"Americas";"GUY";"GUY";"palegreen3";3127797,221;0,00558446914643496;0;0,000411139300432339
"4. Backbone (disparity)";"Haiti";"Americas";"HTI";"HTI";"palegreen3";2476353,264;0,00123228545095259;0;0,000409040509920156
"4. Backbone (disparity)";"Honduras";"Americas";"HND";"HND";"palegreen3";13478022,936;0,00804543133681948;0;0,000434705408256284
"4. Backbone (disparity)";"China, Hong Kong SAR";"Asia";"HKG";"HKG";"gold";623261395,536;0,216354842859272;201;0,000440728331231217
"4. Backbone (disparity)";"Hungary";"Europe";"HUN";"HUN";"skyblue";128901604,378;0,040720806227221;0;0,00043964529768086
"4. Backbone (disparity)";"Iceland";"Europe";"ISL";"ISL";"skyblue";7773954,39;0,00255632852741744;0;0,000405939882643418
"4. Backbone (disparity)";"Indonesia";"Asia";"IDN";"IDN";"gold";203306997,042;0,118725345670374;401;0,00044033041495713
"4. Backbone (disparity)";"Iran";"Asia";"IRN";"IRN";"gold";17592428,195;0,00749002832823763;0;0,000436552085391658
"4. Backbone (disparity)";"Iraq";"Asia";"IRQ";"IRQ";"gold";35874111,361;0,0369345257333192;0;0,000438453299884921
"4. Backbone (disparity)";"Ireland";"Europe";"IRL";"IRL";"skyblue";101806720,119;0,0937700854928413;0;0,000439249281283531
"4. Backbone (disparity)";"Israel";"Asia";"ISR";"ISR";"gold";67375685,329;0,0333161923376254;0;0,000437858278086774
"4. Backbone (disparity)";"Italy";"Europe";"ITA";"ITA";"skyblue";527228085,122;0,167286399664358;2376;0,000440414091457274
"4. Backbone (disparity)";"CÃ´te d'Ivoire";"Africa";"CIV";"CIV";"tomato";13766580,031;0,00520600289633308;200;0,000429289681710341
"4. Backbone (disparity)";"Jamaica";"Americas";"JAM";"JAM";"palegreen3";4384403,237;0,00227976472924221;0;0,000426388776203648
"4. Backbone (disparity)";"Japan";"Asia";"JPN";"JPN";"gold";663018840,775;0,350926172626304;402;0,000440636537029236
"4. Backbone (disparity)";"Kazakhstan";"Asia";"KAZ";"KAZ";"gold";56576954,066;0,0268372718023545;0;0,000439109699856378
"4. Backbone (disparity)";"Jordan";"Asia";"JOR";"JOR";"gold";13735284,346;0,00629075582985507;0;0,000432898385196066
"4. Backbone (disparity)";"Kenya";"Africa";"KEN";"KEN";"tomato";19339551,955;0,00530650988380806;0;0,000434821411764692
"4. Backbone (disparity)";"Dem. People's Rep. of Korea";"Asia";"PRK";"PRK";"gold";1816432,237;0,00103605120420337;0;0,00042077784764921
"4. Backbone (disparity)";"Rep. of Korea";"Asia";"KOR";"KOR";"gold";535350617,64;0,32026644853496;402;0,000440575668463337
"4. Backbone (disparity)";"Kuwait";"Asia";"KWT";"KWT";"gold";27480805,18;0,0189602026297649;0;0,000435330448710734
"4. Backbone (disparity)";"Kyrgyzstan";"Asia";"KGZ";"KGZ";"gold";25618559,209;0,0110206026997108;0;0,000438696743643194
"4. Backbone (disparity)";"Lao People's Dem. Rep.";"Asia";"LAO";"LAO";"gold";8114585,842;0,00473218486888838;0;0,000432645650014222
"4. Backbone (disparity)";"Lebanon";"Asia";"LBN";"LBN";"gold";9906501,407;0,00199293829145876;0;0,000423616393528756
"4. Backbone (disparity)";"Lesotho";"Africa";"LSO";"LSO";"tomato";1755815,627;0,000320605921933282;0;0,000414800760293239
"4. Backbone (disparity)";"Latvia";"Europe";"LVA";"LVA";"skyblue";17475203,967;0,00263925840487142;0;0,000425629393195237
"4. Backbone (disparity)";"Liberia";"Africa";"LBR";"LBR";"tomato";19945769,318;0,0077503147643189;0;0,000438091037427391
"4. Backbone (disparity)";"Libya";"Africa";"LBY";"LBY";"tomato";14240056,982;0,00614923798845927;401;0,000430355437009939
"4. Backbone (disparity)";"Lithuania";"Europe";"LTU";"LTU";"skyblue";35389513,378;0,00765963933499436;400;0,000433951319855165
"4. Backbone (disparity)";"Luxembourg";"Europe";"LUX";"LUX";"skyblue";22945372,831;0,00583684363552859;0;0,000434884751858223
"4. Backbone (disparity)";"China, Macao SAR";"Asia";"MAC";"MAC";"gold";9883689,131;0,00328018494909237;0;0,000431764065167206
"4. Backbone (disparity)";"Madagascar";"Africa";"MDG";"MDG";"tomato";3745186,036;0,00147882704914928;0;0,000413695510165962
"4. Backbone (disparity)";"Malawi";"Africa";"MWI";"MWI";"tomato";2455942,333;0,000408515390855306;0;0,000378724406958932
"4. Backbone (disparity)";"Malaysia";"Asia";"MYS";"MYS";"gold";268562843,532;0,165477711353565;402;0,000440327792858459
"4. Backbone (disparity)";"Maldives";"Asia";"MDV";"MDV";"gold";3423664,267;0,000657850000134727;0;0,000404191339657019
"4. Backbone (disparity)";"Mali";"Africa";"MLI";"MLI";"tomato";4334648,032;0,000615312751785689;0;0,0004088818478829
"4. Backbone (disparity)";"Malta";"Europe";"MLT";"MLT";"skyblue";12647601,081;0,00369822235095205;0;0,000429600774840154
"4. Backbone (disparity)";"Mauritania";"Africa";"MRT";"MRT";"tomato";4184833,659;0,00179332994367622;0;0,000406683582016026
"4. Backbone (disparity)";"Mauritius";"Africa";"MUS";"MUS";"tomato";4942228,889;0,00117893570225082;0;0,000413303911855797
"4. Backbone (disparity)";"Mexico";"Americas";"MEX";"MEX";"palegreen3";498247583,986;0,523439281697588;0;0,00044082859307604
"4. Backbone (disparity)";"Other Asia, nes";"Asia";NA;"Oth";"gold";298818841,11;0,22403293300072;201;0,000440330627193563
"4. Backbone (disparity)";"Mongolia";"Asia";"MNG";"MNG";"gold";6581128,717;0,00934226393487836;0;0,000432359254807255
"4. Backbone (disparity)";"Rep. of Moldova";"Europe";"MDA";"MDA";"skyblue";7219181,021;0,00118574672997295;0;0,000418162578999713
"4. Backbone (disparity)";"Montenegro";"Europe";"MNE";"MNE";"skyblue";4013722,564;0,000499906685722504;0;0,000406810057422325
"4. Backbone (disparity)";"Morocco";"Africa";"MAR";"MAR";"tomato";68526438,75;0,0193250556177654;0;0,000437529017008745
"4. Backbone (disparity)";"Mozambique";"Africa";"MOZ";"MOZ";"tomato";13194868,986;0,00333548730976175;0;0,000433225318249617
"4. Backbone (disparity)";"Oman";"Asia";"OMN";"OMN";"gold";16126230,837;0,022294729457527;0;0,000434136066418555
"4. Backbone (disparity)";"Namibia";"Africa";"NAM";"NAM";"tomato";7069652,994;0,00207719104431206;0;0,00042868646866703
"4. Backbone (disparity)";"Nepal";"Asia";"NPL";"NPL";"gold";9108999,477;0,00195944252910991;0;0,000435269279465005
"4. Backbone (disparity)";"Netherlands";"Europe";"NLD";"NLD";"skyblue";636801355,21;0,199383939156226;1052;0,000440580432454009
"4. Backbone (disparity)";"CuraÃ§ao";"Americas";"CUW";"CUW";"palegreen3";1198125,726;0,000531043992239133;0;0,000395855074336907
"4. Backbone (disparity)";"Aruba";"Americas";"ABW";"ABW";"palegreen3";934772,591;0,000451933097896276;0;0,000391631767900777
"4. Backbone (disparity)";"Saint Maarten";"Americas";"SXM";"SXM";"palegreen3";785361,495;0,000413067130935864;0;0,000444168613985934
"4. Backbone (disparity)";"Bonaire";"Americas";"BES";"BES";"palegreen3";617936,081;8,85196025882718e-05;0;0,000355027527077456
"4. Backbone (disparity)";"New Caledonia";"Oceania";"NCL";"NCL";"orchid";1303317,753;0,000584792252737026;0;0,000391028415655635
"4. Backbone (disparity)";"Vanuatu";"Oceania";"VUT";"VUT";"orchid";429101,643;0,000137521695807769;0;0,000296471743032928
"4. Backbone (disparity)";"New Zealand";"Oceania";"NZL";"NZL";"orchid";40190536,505;0,0215094961582695;201;0,000436940172634835
"4. Backbone (disparity)";"Nicaragua";"Americas";"NIC";"NIC";"palegreen3";9348194,816;0,00538395853653561;0;0,000427727433793733
"4. Backbone (disparity)";"Niger";"Africa";"NER";"NER";"tomato";1055634,281;0,000584857802782354;0;0,000347956199986386
"4. Backbone (disparity)";"Nigeria";"Africa";"NGA";"NGA";"tomato";38977072,9;0,0207323901868753;0;0,000438459500363115
"4. Backbone (disparity)";"Norway";"Europe";"NOR";"NOR";"skyblue";81333352,364;0,0364347452571423;1;0,000437545221018593
"4. Backbone (disparity)";"Marshall Isds";"Oceania";"MHL";"MHL";"orchid";9968887,46;0,00343730178547773;0;0,00043442724863579
"4. Backbone (disparity)";"Pakistan";"Asia";"PAK";"PAK";"gold";49207788,312;0,0176057891572917;201;0,000438837090494131
"4. Backbone (disparity)";"Panama";"Americas";"PAN";"PAN";"palegreen3";36860461,325;0,0110568719868534;0;0,00043698120443079
"4. Backbone (disparity)";"Papua New Guinea";"Oceania";"PNG";"PNG";"orchid";4155046,242;0,0036153287871887;0;0,000417130046936472
"4. Backbone (disparity)";"Paraguay";"Americas";"PRY";"PRY";"palegreen3";13726704,591;0,00455187858310215;0;0,000434005211850677
"4. Backbone (disparity)";"Peru";"Americas";"PER";"PER";"palegreen3";43588384,174;0,0357107470444504;0;0,000438407676796674
"4. Backbone (disparity)";"Philippines";"Asia";"PHL";"PHL";"gold";119351864,332;0,0569229417733353;0;0,000439874022658623
"4. Backbone (disparity)";"Poland";"Europe";"POL";"POL";"skyblue";358654273,178;0,108606267418136;1194;0,000440413244861684
"4. Backbone (disparity)";"Portugal";"Europe";"PRT";"PRT";"skyblue";92059597,95;0,0225792369861896;402;0,000439189315141152
"4. Backbone (disparity)";"Guinea-Bissau";"Africa";"GNB";"GNB";"tomato";399717,209;7,30226851440286e-05;0;0,000259191779233669
"4. Backbone (disparity)";"Timor-Leste";"Asia";"TLS";"TLS";"gold";716706,279;0,000167777768504012;0;0,000359958681020839
"4. Backbone (disparity)";"Qatar";"Asia";"QAT";"QAT";"gold";25626455,171;0,0231358699905684;0;0,000433540070029472
"4. Backbone (disparity)";"Romania";"Europe";"ROU";"ROU";"skyblue";119833940,867;0,0264329056839992;602;0,000439325735709644
"4. Backbone (disparity)";"Russian Federation";"Europe";"RUS";"RUS";"skyblue";154286564,435;0,129494266511074;200;0,000440513765422956
"4. Backbone (disparity)";"Rwanda";"Africa";"RWA";"RWA";"tomato";1442361,008;0,000390107646974473;0;0,000376054016644947
"4. Backbone (disparity)";"Saint Kitts and Nevis";"Americas";"KNA";"KNA";"palegreen3";190576,951;0,000103807455045837;0;0,000275318549021691
"4. Backbone (disparity)";"Saint Lucia";"Americas";"LCA";"LCA";"palegreen3";991988,6;0,000523495810245388;0;0,00043289815380714
"4. Backbone (disparity)";"Saint Vincent and the Grenadines";"Americas";"VCT";"VCT";"palegreen3";258749,008;0,000103209069008886;0;0,000264698716989286
"4. Backbone (disparity)";"San Marino";"Europe";"SMR";"SMR";"skyblue";298922,075;6,46312802771269e-05;0;0,000243851809799492
"4. Backbone (disparity)";"Saudi Arabia";"Asia";"SAU";"SAU";"gold";180856542,787;0,10130224444966;1601;0,000440197569490113
"4. Backbone (disparity)";"Senegal";"Africa";"SEN";"SEN";"tomato";11751564,688;0,00327772793323242;0;0,000430300214083886
"4. Backbone (disparity)";"Serbia";"Europe";"SRB";"SRB";"skyblue";34665709,258;0,00773723839787466;201;0,000433396084279162
"4. Backbone (disparity)";"Seychelles";"Africa";"SYC";"SYC";"tomato";1190864,206;0,000167773014983463;0;0,000377427263699156
"4. Backbone (disparity)";"Sierra Leone";"Africa";"SLE";"SLE";"tomato";1423977,633;0,000979757430537844;0;0,000397386641845314
"4. Backbone (disparity)";"India";"Asia";"IND";"IND";"gold";637011870,389;0,190756808309557;2987;0,000440621690937787
"4. Backbone (disparity)";"Singapore";"Asia";"SGP";"SGP";"gold";372090703,673;0,140717320597983;201;0,000440195683535861
"4. Backbone (disparity)";"Slovakia";"Europe";"SVK";"SVK";"skyblue";96839016,401;0,0280840766761443;0;0,00043873307241133
"4. Backbone (disparity)";"Viet Nam";"Asia";"VNM";"VNM";"gold";346808151,028;0,259029933019582;0;0,000440611706155261
"4. Backbone (disparity)";"Slovenia";"Europe";"SVN";"SVN";"skyblue";59114560,214;0,0141169270154899;0;0,000438165733052334
"4. Backbone (disparity)";"Somalia";"Africa";"SOM";"SOM";"tomato";2411822,873;0,000605392911797387;0;0,000404196945682183
"4. Backbone (disparity)";"South Africa";"Africa";"ZAF";"ZAF";"tomato";77971001,21;0,0459270780472858;1989;0,00043909124510017
"4. Backbone (disparity)";"Zimbabwe";"Africa";"ZWE";"ZWE";"tomato";7949890,779;0,00197382918629829;0;0,000429410290233305
"4. Backbone (disparity)";"Spain";"Europe";"ESP";"ESP";"skyblue";394586415,222;0,112518589234431;1825;0,000440229837731751
"4. Backbone (disparity)";"South Sudan";"Africa";"SSD";"SSD";"tomato";876060,434;0,000238086606123468;0;0,000363643171062218
"4. Backbone (disparity)";"Sudan";"Africa";"SDN";"SDN";"tomato";3035638,827;0,00093030636653924;0;0,000398517772699784
"4. Backbone (disparity)";"Suriname";"Americas";"SUR";"SUR";"palegreen3";1078044,34;0,000601840851322733;0;0,000354060232520486
"4. Backbone (disparity)";"Eswatini";"Africa";"SWZ";"SWZ";"tomato";1689392,802;8,39373936821223e-05;0;0,000417304586629636
"4. Backbone (disparity)";"Sweden";"Europe";"SWE";"SWE";"skyblue";149891564,715;0,0478532482015324;2;0,000439499970715229
"4. Backbone (disparity)";"Switzerland";"Europe";"CHE";"CHE";"skyblue";323999085,874;0,136465559364062;1799;0,000440313009458626
"4. Backbone (disparity)";"Syria";"Asia";"SYR";"SYR";"gold";3043459,386;0,000325539067263596;0;0,000423202511567744
"4. Backbone (disparity)";"Tajikistan";"Asia";"TJK";"TJK";"gold";5628502,814;0,00198142742126197;0;0,000430493062913685
"4. Backbone (disparity)";"Thailand";"Asia";"THA";"THA";"gold";259101196,015;0,14561298090275;601;0,000440406376191972
"4. Backbone (disparity)";"Togo";"Africa";"TGO";"TGO";"tomato";7530170,414;0,00221336702316678;0;0,000429458271322403
"4. Backbone (disparity)";"Tonga";"Oceania";"TON";"TON";"orchid";234971,89;3,92393468095532e-05;0;0,000200274342467996
"4. Backbone (disparity)";"Trinidad and Tobago";"Americas";"TTO";"TTO";"palegreen3";4338850,707;0,00439985056411104;0;0,000426869116630958
"4. Backbone (disparity)";"United Arab Emirates";"Asia";"ARE";"ARE";"gold";244958330,66;0,099995148844593;1398;0,00044032260753195
"4. Backbone (disparity)";"Tunisia";"Africa";"TUN";"TUN";"tomato";18788507,947;0,005776034469652;0;0,000429142714399565
"4. Backbone (disparity)";"TÃ¼rkiye";"Asia";"TUR";"TUR";"gold";253185757,74;0,0720019998467542;1530;0,000440024660394515
"4. Backbone (disparity)";"Turkmenistan";"Asia";"TKM";"TKM";"gold";2717044,201;0,00528140315166333;0;0,000407026687530657
"4. Backbone (disparity)";"Turks and Caicos Isds";"Americas";"TCA";"TCA";"palegreen3";431919,218;0,000230317507793722;0;0,000387112204793503
"4. Backbone (disparity)";"Uganda";"Africa";"UGA";"UGA";"tomato";10866995,931;0,00213512289647696;401;0,000427082259199196
"4. Backbone (disparity)";"Ukraine";"Europe";"UKR";"UKR";"skyblue";54435464,378;0,0150398055774096;0;0,000437781812459687
"4. Backbone (disparity)";"North Macedonia";"Europe";"MKD";"MKD";"skyblue";8700849,109;0,00201008295950188;0;0,000412971406783711
"4. Backbone (disparity)";"Egypt";"Africa";"EGY";"EGY";"tomato";76230762,248;0,0196739620722226;0;0,000438555136251678
"4. Backbone (disparity)";"United Kingdom";"Europe";"GBR";"GBR";"skyblue";689366223,134;0,213639518170635;200;0,000440569732867804
"4. Backbone (disparity)";"United Rep. of Tanzania";"Africa";"TZA";"TZA";"tomato";15238838,639;0,00469416559687172;0;0,000434577776846219
"4. Backbone (disparity)";"USA";"Americas";"USA";"USA";"palegreen3";3116498308,098;1;15951;0,000440966668917774
"4. Backbone (disparity)";"Burkina Faso";"Africa";"BFA";"BFA";"tomato";4275171,521;0,00129044118253447;0;0,000405280392971959
"4. Backbone (disparity)";"Uruguay";"Americas";"URY";"URY";"palegreen3";9768786,911;0,00469098912271138;0;0,000428066282023324
"4. Backbone (disparity)";"Uzbekistan";"Asia";"UZB";"UZB";"gold";30169903,204;0,00900765418201678;0;0,000437451251207534
"4. Backbone (disparity)";"Venezuela";"Americas";"VEN";"VEN";"palegreen3";11128148,199;0,00943711700875928;0;0,000432856172683988
"4. Backbone (disparity)";"Samoa";"Oceania";"WSM";"WSM";"orchid";402854,385;7,69022439423393e-05;0;0,000252505154858574
"4. Backbone (disparity)";"Yemen";"Asia";"YEM";"YEM";"gold";6680593,401;0,00151606224983949;0;0,000426446706165902
"4. Backbone (disparity)";"Zambia";"Africa";"ZMB";"ZMB";"tomato";9866918,343;0,00338711787509109;0;0,000427113192835112
